Date,MSFT,AAPL,META,AMZN,GOOG
2/1/2020,153.3232727,72.71606445,208.795929,94.90049744,68.04619598
3/1/2020,151.4141235,72.00910187,207.6911621,93.74849701,67.71227264
6/1/2020,151.8055267,72.58289337,211.6027222,95.14399719,69.38188171
7/1/2020,150.4213562,72.24154663,212.0605621,95.34300232,69.33857727
8/1/2020,152.8173523,73.40364838,214.210434,94.59850311,69.88500214
9/1/2020,154.7265167,74.96279907,217.2759857,95.05249786,70.65683746
10/1/2020,154.0105286,75.13226318,217.0370941,94.15799713,71.14950562
13/1/2020,155.8624268,76.73743439,220.8690491,94.56500244,71.62226105
14/1/2020,154.764679,75.70121765,218.0324249,93.47200012,71.2067337
15/1/2020,155.7669983,75.37678528,220.1126099,93.10099792,71.62077332
16/1/2020,158.6211395,76.32100677,220.7297058,93.89700317,72.24282074
17/1/2020,159.5088806,77.16594696,221.0979767,93.23600006,73.67056274
21/1/2020,158.936142,76.643013,220.4012451,94.59999847,73.87011719
22/1/2020,158.1725006,76.91660309,220.2818298,94.3730011,73.94725037
23/1/2020,159.1461639,77.28700256,218.729126,94.22899628,73.98208618
24/1/2020,157.5424805,77.06426239,216.9176941,93.08200073,72.98979187
27/1/2020,154.9078369,74.79816437,213.8620453,91.41699982,71.35701752
28/1/2020,157.9434204,76.91416168,216.7683563,92.66249847,72.28562164
29/1/2020,160.4061584,78.52415466,222.1828461,92.90000153,72.58769989
30/1/2020,164.9308472,78.41034698,208.5471191,93.53399658,72.44885254
31/1/2020,162.4967194,74.93375397,200.9628754,100.435997,71.3734436
3/2/2020,166.4581451,74.72795868,203.2321777,100.2099991,73.94674683
4/2/2020,171.9374084,77.19501495,208.8457184,102.4834976,72.01241302
5/2/2020,171.7274017,77.82447815,209.1244049,101.9934998,72.07013702
6/2/2020,175.2879944,78.73478699,209.8609314,102.5114975,73.46354675
7/2/2020,175.5361633,77.66456604,211.3339844,103.9639969,73.61283875
10/2/2020,180.1276398,78.03343964,212.0605621,106.6955032,75.07839203
11/2/2020,176.061142,77.56263733,206.2180939,107.5400009,75.08386993
12/2/2020,176.3188782,79.40457153,209.771347,108,75.55563354
13/2/2020,175.3643646,78.83913422,212.1401825,107.4934998,75.37599182
14/2/2020,176.9298401,78.8585434,213.175293,106.7434998,75.67855072
18/2/2020,178.724411,77.41461945,216.7783203,107.7835007,75.62530518
19/2/2020,179.2604218,78.53578949,216.4697876,108.5110016,75.97464752
20/2/2020,176.5228729,77.73008728,213.5734253,107.6549988,75.54966736
21/2/2020,170.9425354,75.97067261,209.1940613,104.7985001,73.90544128
24/2/2020,163.5723114,72.36203766,199.7784576,100.4645004,70.74441528
25/2/2020,160.8730469,69.91098022,195.8469849,98.63700104,69.0952301
26/2/2020,162.8831482,71.02000427,196.2749481,98.97949982,69.33061218
27/2/2020,151.4065094,66.37757111,188.8599091,94.21499634,65.59381866
28/2/2020,155.0725403,66.33872223,191.5671387,94.1875,66.65081787
2/3/2020,165.3908691,72.51489258,195.5185242,97.69750214,69.12807465
3/3/2020,157.4654541,70.2118988,185.0180054,95.44950104,66.75331879
4/3/2020,163.2468109,73.46863556,190.8604736,98.79149628,68.99919128
5/3/2020,159.150116,71.0855484,184.3013916,96.20149994,65.64109039
6/3/2020,154.6513977,70.14152527,180.2405243,95.05449677,64.61445618
9/3/2020,144.1702576,64.59390259,168.704895,90.03050232,60.4914856
10/3/2020,154.0292053,69.24603271,177.3541412,94.59100342,63.71770096
11/3/2020,147.0514221,66.84107971,169.4414368,91.04299927,60.48401642
12/3/2020,133.1052399,60.24021149,153.7453918,83.83049774,55.48270416
13/3/2020,152.028717,67.45748138,169.4812164,89.25,60.69900131
16/3/2020,129.6211548,58.77928543,145.3250732,84.45749664,53.96091843
17/3/2020,140.2936707,61.36381531,148.7190704,90.39199829,55.72605515
18/3/2020,134.3878784,59.8616333,146.2706146,91.5,54.58147812
19/3/2020,136.5989838,59.40297318,152.4116821,94.04650116,55.50162125
20/3/2020,131.4685211,55.63175201,149.0276337,92.30449677,53.36324692
23/3/2020,130.1571655,54.44988251,147.4052887,95.14150238,52.58195114
24/3/2020,141.9878693,59.91260529,160.2248535,97.00499725,56.45560074
25/3/2020,140.6287231,59.58255768,155.4772339,94.29199982,54.86463547
26/3/2020,149.4251862,62.7179718,162.5737762,97.77449799,57.81367111
27/3/2020,143.2896423,60.12129974,156.0545044,95.00499725,55.2736969
30/3/2020,153.3687286,61.83704376,165.1715546,98.19750214,57.07068634
31/3/2020,150.956665,61.71084976,166.0175629,97.48600006,57.86641693
1/4/2020,145.5964355,58.46380997,158.8513336,95.38500214,55.02039719
2/4/2020,148.6115417,59.43937683,157.4479523,95.9414978,55.77780914
3/4/2020,147.2428284,58.58514786,153.4567566,95.32949829,54.63522339
6/4/2020,158.1929474,63.69596863,164.7734222,99.87950134,59.0662384
7/4/2020,156.4891205,62.95820999,168.0380402,100.5800018,59.04583359
8/4/2020,158.0589142,64.56960297,173.4624634,102.1500015,60.22872925
9/4/2020,158.068512,65.03554535,174.3681946,102.1380005,60.28694916
13/4/2020,158.4226379,66.31204224,173.9700623,108.4434967,60.59100723
14/4/2020,166.2619629,69.661026,177.3342133,114.1660004,63.16233063
15/4/2020,164.5198822,69.02519226,176.1398468,115.3840027,62.82592773
16/4/2020,169.4589233,69.5736618,175.4232178,120.4095001,62.87569427
17/4/2020,170.9521179,68.62962341,178.3992157,118.75,63.86003113
20/4/2020,167.5637207,67.20511627,177.4039154,119.6804962,63.0319519
21/4/2020,160.633728,65.12776947,169.9987793,116.4059982,60.53030396
22/4/2020,166.0895996,67.00369263,181.4249573,118.1744995,62.86275101
23/4/2020,164.0795898,66.7440033,184.2615814,119.9725037,63.51465988
24/4/2020,167.0755768,68.67088318,189.178421,120.5110016,63.6639595
27/4/2020,166.5969696,68.71941376,186.6204529,118.8000031,63.49326706
28/4/2020,162.5385437,67.60551453,182.0519867,115.7040024,61.39271545
29/4/2020,169.8322601,69.82602692,193.2790833,118.635498,66.75780487
30/4/2020,171.5360107,71.29908752,203.7497406,123.6999969,67.11510468
1/5/2020,167.0947113,70.15123749,201.321167,114.302002,65.71923065
4/5/2020,171.1818237,71.14376831,204.2971497,115.7994995,66.02726746
5/5/2020,173.0196381,72.21155548,206.0986633,115.8899994,67.23703003
6/5/2020,174.7234192,72.95659637,207.4920807,117.5630035,67.04743195
7/5/2020,175.7380219,73.71131897,210.2689972,118.3805008,68.30448151
8/5/2020,176.771759,75.46577454,211.3538971,118.9804993,69.09125519
11/5/2020,178.7435608,76.65326691,212.1799774,120.4499969,69.83224487
12/5/2020,174.6946716,75.77726746,209.1144409,117.8475037,68.46273041
13/5/2020,172.0528717,74.86228943,204.1379089,118.3960037,67.14845276
14/5/2020,172.7994385,75.32221222,205.8398743,119.4424973,67.48685455
15/5/2020,175.3168488,74.87689209,209.8907928,120.4889984,68.33583069
18/5/2020,176.9919281,76.64108276,212.1899567,121.3130035,68.8707962
19/5/2020,175.7667542,76.19821167,215.8626404,122.4664993,68.35050964
20/5/2020,178.2047424,77.68012238,228.8912201,124.8970032,70.00442505
21/5/2020,176.06427,77.10099792,230.3045502,122.336998,69.80934906
22/5/2020,176.1410828,77.59741211,233.8080597,121.8440018,70.18855286
26/5/2020,174.2790222,77.07178497,231.1107788,121.0930023,70.51699066
27/5/2020,174.5093384,77.40757751,228.0651398,120.5195007,70.55780029
28/5/2020,174.1158142,77.44166565,224.4023743,120.0550003,70.50257111
29/5/2020,175.89151,77.36623383,224.0341187,122.1184998,71.10919189
1/6/2020,175.4883575,78.31768036,230.8221436,123.552002,71.25351715
2/6/2020,177.484848,78.68024445,231.6283112,123.6204987,71.62176514
3/6/2020,177.9168091,79.11338806,229.0803375,123.9199982,71.48043823
4/6/2020,175.5747681,78.43204498,225.2285004,123.0299988,70.27613831
5/6/2020,179.6829071,80.66586304,229.6874847,124.1500015,71.58046722
8/6/2020,180.7963409,81.14280701,230.3145294,126.2030029,71.98951721
9/6/2020,182.1784668,83.7051239,237.5504303,130.0429993,72.46476746
10/6/2020,188.9358063,85.85863495,235.6195221,132.3724976,72.94699097
11/6/2020,178.7902527,81.73654175,223.3772125,127.8980026,69.86109924
12/6/2020,180.2012024,82.4422226,227.5077515,127.2509995,70.32590485
15/6/2020,181.3530273,83.46179962,231.4093628,128.6340027,70.65782928
16/6/2020,185.7971344,85.67371368,234.5446014,130.763504,71.79593658
17/6/2020,186.440155,85.55448914,234.4251404,132.048996,72.21395874
18/6/2020,188.4367065,85.58855438,234.8332367,132.6990051,71.45953369
19/6/2020,187.3136444,85.09946442,237.6698608,133.7505035,71.24853516
22/6/2020,192.5160217,87.32598114,238.0978546,135.6909943,72.25078583
23/6/2020,193.8022156,89.18991089,241.1036835,138.2205048,72.87532806
24/6/2020,189.8956146,87.61552429,232.9222412,136.7200012,71.2609787
25/6/2020,192.2952576,88.77868652,234.5744324,137.7290039,71.72676849
26/6/2020,188.4462738,86.05089569,215.0664063,134.6434937,67.67446136
29/6/2020,190.4715576,88.03408051,219.605011,134.0189972,69.41969299
30/6/2020,195.3379517,88.76896667,226.0048523,137.9409943,70.3473053
1/7/2020,196.4802094,88.6010437,236.4356842,143.9349976,71.56304169
2/7/2020,197.9775085,88.6010437,232.3250427,144.5149994,72.88977051
6/7/2020,202.2391968,90.97113037,239.1528778,152.852005,74.43244934
7/7/2020,199.8876495,90.68888092,239.7301636,150.0059967,73.90894318
8/7/2020,204.2837219,92.80103302,242.4373932,154.0554962,74.4473877
9/7/2020,205.7138672,93.20010376,243.3530731,159.1315002,75.19334412
10/7/2020,205.0899658,93.36314392,243.9203949,160,76.72359467
13/7/2020,198.7550049,92.93244934,237.878891,155.1999969,75.21076965
14/7/2020,199.9836273,94.47032166,238.6054382,154.1999969,75.67059326
15/7/2020,199.6860046,95.12001801,239.1528778,150.4434967,75.32522583
16/7/2020,195.7314758,93.94959259,239.7998199,149.9949951,75.54219818
17/7/2020,194.7332916,93.75978088,240.8946533,148.0984955,75.4202652
20/7/2020,203.1030731,95.73566437,244.2687531,159.8419952,77.91694641
21/7/2020,200.367569,94.41435242,240.6159668,156.914505,77.55366516
22/7/2020,203.2470856,94.67960358,238.7447815,154.9954987,78.05478668
23/7/2020,194.4068756,90.37010193,231.5088959,149.3274994,75.42674255
24/7/2020,193.2167053,90.14624786,229.6277618,150.4454956,75.23714447
27/7/2020,195.6643066,92.28271484,232.4046783,152.760498,76.14932251
28/7/2020,193.9078369,90.76674652,229.0405426,150.0164948,74.6633606
29/7/2020,195.8658752,92.50659943,232.1956329,151.6764984,75.74224091
30/7/2020,195.7123108,93.62593079,233.3999786,152.5939941,76.21154022
31/7/2020,196.77771,103.4275131,252.4800568,158.2339935,73.79845428
3/8/2020,207.8447266,106.0336456,250.7780914,155.5944977,73.37496185
4/8/2020,204.725235,106.7417526,248.6580811,156.9414978,72.90319824
5/8/2020,204.3892822,107.1286392,247.9514008,160.2514954,73.3331604
6/8/2020,207.662384,110.8663025,264.035614,161.25,74.65142059
7/8/2020,203.9477234,108.3456497,267.1807556,158.3730011,74.37223816
10/8/2020,199.8876495,109.9204559,261.7662964,157.4080048,74.45236206
11/8/2020,195.2131805,106.6514282,254.9285126,154.033493,73.66708374
12/8/2020,200.7898865,110.1959076,258.6708679,158.1119995,74.97588348
13/8/2020,200.3195496,112.1461029,260.0742493,158.0509949,75.56459045
14/8/2020,200.5114899,112.0461502,260.0145569,157.401001,75.03111267
17/8/2020,201.8361053,111.753624,259.9349365,159.1204987,75.54119873
18/8/2020,202.9975433,112.6848526,261.1094055,165.6244965,77.56262207
19/8/2020,201.7659302,112.8262329,261.3582153,163.0240021,77.01173401
20/8/2020,206.461319,115.3298035,267.7481079,164.8684998,78.7146759
21/8/2020,204.9603424,121.2730331,265.7575073,164.2359924,78.64849091
24/8/2020,205.605011,122.7234955,270.1169128,165.3730011,79.03565979
25/8/2020,208.2798157,121.7166824,279.5027161,167.3244934,80.03192902
26/8/2020,212.7826996,123.3719254,302.4844055,172.0924988,82.22952271
27/8/2020,218.007309,121.8971024,291.8445129,170,81.33126831
28/8/2020,220.2491608,121.699646,292.2825012,170.0899963,81.832901
31/8/2020,216.9970093,125.8267441,291.824646,172.5480042,81.32380676
1/9/2020,218.6711731,130.8387299,294.0541077,174.9559937,82.64406586
2/9/2020,222.8854675,128.1279755,301.0810242,176.5724945,86.00662994
3/9/2020,209.0784149,117.8699417,289.7543945,168.3999939,81.70500946
4/9/2020,206.1437988,117.947937,281.4038086,164.7310028,79.17697906
8/9/2020,194.9923248,110.010643,269.8880005,157.4920044,76.25830841
9/9/2020,203.2958069,114.3985825,272.4360352,163.4304962,77.48100281
10/9/2020,197.5997467,110.6639557,266.8323975,158.7554932,76.23989105
11/9/2020,196.3104706,109.2110748,265.3593445,155.8110046,75.67756653
14/9/2020,197.6382904,112.4873886,264.9014893,155.1484985,75.60588837
15/9/2020,200.8807678,112.6629181,271.1421204,157.8065033,76.70867157
16/9/2020,197.2918549,109.3378372,262.2838745,153.9049988,75.68650818
17/9/2020,195.2328949,107.5923996,253.6246796,150.4364929,74.42399597
18/9/2020,192.8082123,104.1795425,251.3453979,147.7454987,72.65537262
21/9/2020,194.8768463,107.3388672,246.9859467,148.0234985,71.22066498
22/9/2020,199.5721893,109.0257797,253.5550079,156.4494934,72.92758179
23/9/2020,193.0006256,104.4525833,247.8518829,149.9929962,70.42693329
24/9/2020,195.502243,105.5251846,248.3594818,150.989502,71.07784271
25/9/2020,199.9570923,109.4840927,253.6246796,154.7565002,71.9074173
28/9/2020,201.5158234,112.0973282,255.6153259,158.7024994,72.88079834
29/9/2020,199.4182587,111.2490158,260.5619812,157.2440033,73.12016296
30/9/2020,202.3721466,112.9261856,260.6714172,157.4364929,73.13360596
1/10/2020,204.421524,113.8817902,265.379303,161.0630035,74.15327454
2/10/2020,198.3887634,110.205658,258.7206726,156.25,72.57723999
5/10/2020,202.4202271,113.5990143,263.4085693,159.9600067,73.95074463
6/10/2020,198.119339,110.342186,257.4466553,154.9980011,72.32941437
7/10/2020,201.8910522,112.2143555,256.9091797,159.7845001,72.67030334
8/10/2020,202.6126709,112.1071091,262.5227051,159.5274963,73.94625092
9/10/2020,207.6448059,114.0573044,263.2095337,164.3325043,75.40385437
12/10/2020,213.0233002,121.3022766,274.4564819,172.1464996,78.08764648
13/10/2020,214.4280701,118.084465,274.8446655,172.1815033,78.21354675
14/10/2020,212.5037079,118.1722183,270.5449524,168.1855011,78.03440094
15/10/2020,211.3491364,117.7041931,265.4688416,166.9324951,77.58899689
16/10/2020,211.3491364,116.0562363,264.6825562,163.635498,78.27973175
19/10/2020,206.1149139,113.0919495,260.1737671,160.3605042,76.36877441
20/10/2020,206.5286713,114.5838623,266.3049011,160.8504944,77.42975616
21/10/2020,206.6730042,113.9597931,277.4225159,159.246994,79.28993988
22/10/2020,206.7595825,112.8676834,276.8153687,158.8200073,80.38574982
23/10/2020,208.0488892,112.1753616,283.454071,160.2200012,81.66321564
26/10/2020,202.1315918,112.185112,275.8101196,160.352005,79.14762115
27/10/2020,205.1816559,113.6965103,281.9611206,164.3164978,79.83486176
28/10/2020,195.0115509,108.4309845,266.4143677,158.1390076,75.473526
29/10/2020,196.9743652,112.4483948,279.5126648,160.5505066,77.99259186
30/10/2020,194.8094788,106.1492386,261.8757629,151.8074951,80.66841888
2/11/2020,194.6748047,106.06147,260.1339722,150.223999,80.91822815
3/11/2020,198.6196899,107.6899185,264.055481,152.4205017,82.12153625
4/11/2020,208.2028351,112.0876007,286.0319214,162.0579987,87.04421234
5/11/2020,214.8417511,116.0660172,293.297699,166.1000061,87.75286102
6/11/2020,215.2554474,115.9341354,292.0336304,165.5684967,87.67224121
9/11/2020,210.1271515,113.6191635,277.4623108,157.1869965,87.73445129
10/11/2020,203.0264282,113.2772903,271.1520386,151.7510071,86.60927582
11/11/2020,208.356781,116.7155762,275.183075,156.8695068,87.22237396
12/11/2020,207.2887573,116.4420776,273.7895813,155.5140076,87.07954407
13/11/2020,208.3182678,116.4909058,275.6508789,156.440506,88.43214417
16/11/2020,209.0110321,117.5067673,277.6514282,156.5529938,88.64912415
17/11/2020,206.345871,116.6178894,273.7099915,156.7830048,88.090271
18/11/2020,203.6254272,115.2894516,270.6941833,155.272995,86.92726898
19/11/2020,204.9181213,115.8852921,271.6596985,155.8509979,87.78022766
20/11/2020,202.9598236,114.6154861,268.4348755,154.9700012,86.69885254
23/11/2020,202.6897125,111.2065201,267.1708069,154.9194946,86.33408356
24/11/2020,206.3072662,112.4958725,275.6210022,155.9029999,88.02706146
25/11/2020,206.316925,113.335907,274.2972412,159.2534943,88.15396118
27/11/2020,207.628891,113.8829041,276.5068359,159.7669983,89.23683167
30/11/2020,206.509903,116.2857895,275.6707458,158.4019928,87.62199402
1/12/2020,208.5743103,119.8705673,285.20578,161.0039978,89.48117065
2/12/2020,207.7639618,120.2222061,286.1712646,160.1764984,90.96663666
3/12/2020,206.6738586,120.0854568,280.5278625,159.3365021,90.90792084
4/12/2020,206.7896271,119.4114685,278.38797,158.1289978,90.96862793
7/12/2020,206.7220917,120.8766479,284.240387,157.8999939,90.5451355
8/12/2020,208.3813629,121.4920349,282.0705872,158.864502,90.49885559
9/12/2020,204.3200226,118.9523926,276.616333,155.2100067,88.78596497
10/12/2020,203.0852203,120.3784866,275.8200378,155.0744934,88.34803772
11/12/2020,205.7284393,119.5677719,272.2667542,155.8209991,88.6685257
14/12/2020,206.6352844,118.9523926,272.9038086,157.8484955,87.58815002
15/12/2020,206.5677643,124.9107513,274.2574158,158.2559967,87.97180939
16/12/2020,211.5358582,124.8423843,274.3768921,162.0480042,87.73445129
17/12/2020,211.670929,125.7117081,273.1924438,161.8040009,86.98300171
18/12/2020,210.8702087,123.7191086,275.1034241,160.0825043,86.14248657
21/12/2020,214.7289429,125.2526245,271.510376,160.3090057,86.55850983
22/12/2020,216.0312805,128.8179016,265.8370972,160.326004,85.76876068
23/12/2020,213.2144318,127.91922,266.8522949,159.263504,86.21066284
24/12/2020,214.883316,128.9057922,266.1456299,158.6345062,86.53263855
28/12/2020,217.015274,133.5162048,275.7006226,164.197998,88.38586426
29/12/2020,216.2338562,131.7384338,275.4815979,166.1000061,87.52146149
30/12/2020,213.8510742,130.6151733,270.5946655,164.2924957,86.565979
31/12/2020,214.5649414,129.6091003,271.8786621,162.8464966,87.18106842
4/1/2021,210.0020447,126.4052505,267.6784363,159.3314972,86.0046463
5/1/2021,210.2045746,127.9680634,269.6988831,160.9255066,86.63565826
6/1/2021,204.7541351,123.6604843,262.0748291,156.9190063,86.35548401
7/1/2021,210.5808258,127.8801651,267.4793701,158.1080017,88.9412384
8/1/2021,211.8638306,128.983963,266.3148804,159.1349945,89.93452454
11/1/2021,209.8090668,125.9852142,255.6351776,155.710495,87.91956329
12/1/2021,207.3394928,125.8093872,249.9121552,156.0415039,86.91583252
13/1/2021,208.6996765,127.8508759,250.4595795,158.2944946,87.30648041
14/1/2021,205.4969482,125.9168777,244.4877319,156.3735046,86.59882355
15/1/2021,205.1400146,124.1879349,250.1808929,155.2124939,86.40027618
19/1/2021,208.7961426,124.861908,259.8751831,156.0379944,89.12088013
20/1/2021,216.41716,128.9644165,266.2252808,163.1690063,93.9002533
21/1/2021,217.0249023,133.6920013,271.5899658,165.3495026,94.11671448
22/1/2021,217.9702759,135.8409424,273.2123108,164.611496,94.60440826
25/1/2021,221.4238739,139.6015625,276.7059326,164.6999969,94.52230072
26/1/2021,224.125,139.835968,280.7269287,166.3065033,95.41009521
27/1/2021,224.6748352,138.7615356,270.8634338,161.6289978,91.10796356
28/1/2021,230.4918976,133.9069061,263.7569275,161.8809967,92.71635437
29/1/2021,223.7680817,128.8960419,257.1181946,160.3099976,91.35430145
1/2/2021,231.1864471,131.0254211,260.7809448,167.1439972,94.61933899
2/2/2021,231.0514069,131.8556976,265.8271484,169,95.92118073
3/2/2021,234.4181671,130.8300323,265.3991394,165.6264954,103.0155792
4/2/2021,233.4631195,134.1999359,265.2399292,166.5500031,102.6323853
5/2/2021,233.6464233,133.7841644,266.8423767,167.6074982,104.4054947
8/2/2021,233.9068756,133.9309082,265.3294983,166.1470032,104.1521912
9/2/2021,235.160965,133.0505066,268.1860657,165.25,103.6844025
10/2/2021,234.2445526,132.4440002,270.5946655,164.3289948,104.2750931
11/2/2021,235.855545,132.1896973,269.1216431,163.1065063,104.3004837
12/2/2021,236.3378601,132.4243927,269.2311096,163.885498,104.7095413
16/2/2021,235.0934296,130.2919006,272.6848145,163.4474945,105.5948563
17/2/2021,236.1183472,127.992981,272.2867126,165.4320068,105.9138412
18/2/2021,235.7219238,126.8876038,268.1263428,166.411499,105.3609543
19/2/2021,232.9952393,127.0440979,260.3330383,162.4949951,104.5617523
22/2/2021,226.7490387,123.258316,259.1088257,159.0370026,102.7572937
23/2/2021,225.5500641,123.1213837,264.6128845,159.7250061,103.0548859
24/2/2021,226.7877045,122.6224747,263.0701294,157.9765015,104.2646561
25/2/2021,221.4117432,118.3573303,253.4952698,152.8580017,101.0891876
26/2/2021,224.6895447,118.6214752,256.4115295,154.6464996,101.3628922
1/3/2021,229.0986328,125.0093765,263.6673889,157.3070068,103.584877
2/3/2021,226.1302185,122.3974762,257.7850647,154.7265015,103.3027115
3/3/2021,220.0290527,119.4040604,254.2118988,150.25,100.8577957
4/3/2021,219.2265167,117.5160522,256.431427,148.8784943,101.9715195
5/3/2021,223.9353333,118.777977,263.0402832,150.022995,104.9300079
8/3/2021,219.8646851,113.8280945,254.1123657,147.5975037,100.7313919
9/3/2021,226.0431976,118.4551468,264.4934387,153.1425018,102.1511688
10/3/2021,224.7282104,117.3693085,263.6573792,152.8820038,102.2671204
11/3/2021,229.2823334,119.3062363,272.5952759,155.6795044,105.2400284
12/3/2021,227.9480438,118.3964539,267.1409607,154.4745026,102.609993
15/3/2021,227.039093,121.2920532,272.4659119,154.0839996,102.8374252
16/3/2021,229.8431396,122.837677,277.9699097,154.5930023,104.1327744
17/3/2021,229.195282,122.0453186,282.6777344,156.786499,104.0611115
18/3/2021,223.0844421,117.9073563,277.3130188,151.3995056,101.3310394
19/3/2021,222.7266998,117.3790817,288.7490845,153.7480011,101.6783981
22/3/2021,228.180069,120.7051163,292.1630249,155.5435028,101.4489975
23/3/2021,229.7174683,119.8736191,289.2666931,156.875,102.1641083
24/3/2021,227.6675873,117.4769058,280.8165283,154.3535004,101.7709656
25/3/2021,224.6508484,117.9660339,277.4324341,152.3130035,101.736145
26/3/2021,228.6538391,118.5725403,281.6923828,152.6015015,101.297699
29/3/2021,227.4548798,118.748642,289.4558105,153.786499,102.3129044
30/3/2021,224.1770935,117.2910614,286.6490173,152.7644958,102.2925034
31/3/2021,227.9673309,119.4920883,293.1483765,154.7039948,102.9439163
1/4/2021,234.3295898,120.3236008,297.2590027,158.0500031,106.3836212
5/4/2021,240.8271942,123.1605072,307.460907,161.3365021,110.7529221
6/4/2021,239.6572113,123.4637527,304.8233643,161.1909943,110.7131195
7/4/2021,241.6296997,125.1169815,311.6213074,163.9694977,111.953743
8/4/2021,244.8688507,127.5234604,311.5516663,164.9649963,112.7380295
9/4/2021,247.3827972,130.1060028,310.9942627,168.6100006,113.7552032
12/4/2021,247.4408417,128.3842773,310.0786133,168.9694977,112.2080383
13/4/2021,249.9354095,131.5048676,308.3069458,170,112.8290939
14/4/2021,247.1314087,129.1571198,301.3995361,166.6499939,112.2105103
15/4/2021,250.9120178,131.573349,306.3760376,168.9544983,114.2916641
16/4/2021,252.1109314,131.2407837,304.7437134,169.9720001,114.346405
19/4/2021,250.1771545,131.9059296,300.8222046,168.6004944,114.5773163
20/4/2021,249.7130127,130.2136383,301.2302856,166.7344971,114.1408844
21/4/2021,251.9562683,130.5951385,300.0558472,168.1009979,114.1239548
22/4/2021,248.6591339,129.0690765,295.1290588,165.4519958,112.8614349
23/4/2021,252.5073853,131.3972931,299.7174683,167.0440063,115.2192688
26/4/2021,252.8941956,131.7886047,301.6184692,170.4499969,115.7885742
27/4/2021,253.3003235,131.4657593,302.1459961,170.8715057,114.8122025
28/4/2021,246.135498,130.6733856,305.6594238,172.9250031,118.4345398
29/4/2021,244.1533203,130.5755463,327.964325,173.565506,120.9217529
30/4/2021,243.8342743,128.5995178,323.5550232,173.3710022,119.937912
3/5/2021,243.5248566,129.6559906,321.0667725,169.3244934,119.1939316
4/5/2021,239.5895233,125.0680542,316.8665771,165.5935059,117.1575851
5/5/2021,238.3132324,125.3126373,313.5422363,163.5269928,117.2814941
6/5/2021,241.4653473,126.9169388,318.5188293,165.3184967,118.5061951
7/5/2021,244.1049805,127.5930862,317.5832214,164.5805054,119.3691101
10/5/2021,238.9997101,124.3005981,304.5347595,159.5245056,116.5310516
11/5/2021,238.0811615,123.3794937,305.0921021,161.1954956,114.8938141
12/5/2021,231.0904541,120.3026047,301.1307373,157.5970001,111.4262314
13/5/2021,234.9870758,122.4583893,303.828064,158.0735016,112.5653381
14/5/2021,239.9375916,124.8885345,314.4579468,161.1450043,115.2620697
17/5/2021,237.0659485,123.7322464,313.9801941,163.5195007,115.5233383
18/5/2021,235.0354156,122.3407898,308.506012,161.6139984,114.6285629
19/5/2021,235.6169128,122.1840134,312.1189575,161.5899963,114.8913269
20/5/2021,238.8731995,124.7513351,317.115448,162.3840027,117.2491531
21/5/2021,237.6036072,122.9091492,314.7466125,160.154007,116.70224
24/5/2021,243.0405121,124.545578,323.1071777,162.2494965,119.766243
25/5/2021,243.9514923,124.3495941,326.2524109,162.9524994,119.8856659
26/5/2021,243.7285919,124.3005981,326.1229858,163.2579956,121.1028976
27/5/2021,241.6158752,122.7621536,331.1890869,161.5054932,119.5592194
28/5/2021,241.9744568,122.1056137,327.1879272,161.1535034,120.0095901
1/6/2021,239.764801,121.7822418,327.5860901,160.9324951,120.917778
2/6/2021,239.6679077,122.5465775,327.605957,161.6994934,120.4932938
3/6/2021,238.1270142,121.0571213,324.5105591,159.3504944,119.6637115
4/6/2021,243.0501862,123.3599014,328.8003845,160.3110046,122.0101013
7/6/2021,245.9769897,123.3697052,335.0011292,159.9004974,122.7232132
8/6/2021,244.7752838,124.1928024,332.1147156,163.2055054,123.5572815
9/6/2021,245.7637939,124.5749817,328.7008057,164.0574951,123.9827652
10/6/2021,249.3011017,123.5754776,330.9004517,167.4824982,125.4856415
11/6/2021,249.9311218,124.7905579,329.7061157,167.341507,125.1039581
14/6/2021,251.8693542,127.8576431,335.1902771,169.1934967,125.7563553
15/6/2021,250.3865356,127.0345459,335.1703186,169.1564941,125.438858
16/6/2021,249.4368439,127.5342789,329.526886,170.7624969,125.1039581
17/6/2021,252.8481293,129.1412811,334.9314575,174.4620056,125.7752686
18/6/2021,251.4235535,127.8380585,328.1135864,174.3450012,124.975563
21/6/2021,254.5248108,129.6410522,330.7312622,172.697998,125.8588715
22/6/2021,257.3160095,131.2872772,337.4396362,175.2720032,126.4008026
23/6/2021,257.083313,131.0129395,338.9923096,175.1909943,125.8653412
24/6/2021,258.4595032,130.728775,341.5701599,172.4539948,126.6819687
25/6/2021,256.8410339,130.4348145,339.7686768,170.072998,126.3963394
28/6/2021,260.4268188,132.0711975,353.9717407,172.1945038,126.2216644
29/6/2021,263.0241699,133.5900879,350.2393188,172.4069977,125.4244385
30/6/2021,262.5395508,134.2073975,346.078949,172.0079956,124.7252426
1/7/2021,263.2179565,134.5111847,352.7276001,171.6484985,125.7727814
2/7/2021,269.0812683,137.1471405,353.0361023,175.548996,128.1121826
6/7/2021,269.0909729,139.1657104,351.1251221,183.7870026,129.1592255
7/7/2021,271.290863,141.664444,348.8458862,184.8289948,129.4642944
8/7/2021,268.8583984,140.3612061,344.028595,186.5704956,128.5680389
9/7/2021,269.3623352,142.1936035,348.7762451,185.9669952,128.9636688
12/7/2021,268.7614441,141.5958862,351.5033569,185.9275055,129.9485016
13/7/2021,272.3084412,142.7129517,350.438385,183.8679962,130.3769836
14/7/2021,273.7912598,146.1524353,345.9993286,184.0839996,131.4598541
15/7/2021,272.3569641,145.4959106,342.8441772,181.5599976,130.6476898
16/7/2021,272.0855408,143.447937,339.5596619,178.6815033,131.2239685
19/7/2021,268.4609985,139.5870819,335.3694153,177.4795074,128.6446686
20/7/2021,270.6997681,143.2127228,340.057312,178.6595001,130.4834747
21/7/2021,272.7155151,142.4777679,344.6059265,179.2599945,131.9754181
22/7/2021,277.3092346,143.8496399,349.5426025,181.9015045,132.6999969
23/7/2021,280.7302856,145.5742798,368.0553894,182.8320007,137.1663208
26/7/2021,280.1294556,145.9956207,370.7127991,184.9909973,138.9862061
27/7/2021,277.6969299,143.8202515,366.0846252,181.3195038,136.1516113
28/7/2021,277.3868103,142.0662231,371.5289917,181.5160065,135.7385864
29/7/2021,277.6580811,142.7129517,356.6391296,179.9960022,135.8968201
30/7/2021,276.1171875,142.9285583,354.6286011,166.3795013,134.5835419
2/8/2021,276.0299683,142.5953979,350.2990417,166.5740051,135.3484344
3/8/2021,278.2590027,144.398407,349.5923462,168.3119965,135.637558
4/8/2021,277.6678467,143.9966278,357.2363892,167.7359924,135.3872375
5/8/2021,280.5848694,144.1044617,361.267334,168.7994995,136.2944489
6/8/2021,280.5267334,143.4174652,361.8047791,167.246994,136.3899994
9/8/2021,279.4316711,143.3683929,359.9137268,167.0935059,137.3514404
10/8/2021,277.5999756,142.8875275,359.4360046,166.0339966,137.4454956
11/8/2021,278.0942993,143.1426849,358.2714539,164.6054993,137.0404053
12/8/2021,280.8659363,146.1162262,360.948822,165.1750031,137.7370911
13/8/2021,283.8121948,146.3222961,361.4763794,164.6985016,137.75354
16/8/2021,285.5081482,148.3046875,364.8404846,164.9494934,138.2611237
17/8/2021,284.0350647,147.3920135,356.7685547,162.0980072,136.653244
18/8/2021,282.2969666,143.6333618,353.7826538,160.0610046,135.9262085
19/8/2021,288.1617737,143.967041,353.4541626,159.3874969,136.2680664
20/8/2021,295.5316467,145.4292603,357.6842346,159.9974976,137.7843933
23/8/2021,295.8132629,146.9209747,361.6455688,163.2935028,140.4343414
24/8/2021,293.8420715,146.8326263,363.7954407,165.2890015,141.7272186
25/8/2021,293.2497864,145.5960999,366.6619568,164.9589996,142.276123
26/8/2021,290.4144897,144.7913818,362.6707458,165.8000031,141.4530182
27/8/2021,291.0262146,145.8316498,370.882019,167.4815063,143.8690796
30/8/2021,294.7839661,150.2674255,378.8743591,171.0785065,144.7837372
31/8/2021,293.1235046,149.0014801,377.6003723,173.539505,144.7762756
1/9/2021,293.0750122,149.6687775,380.2578125,173.9499969,145.15448
2/9/2021,292.4147644,150.7875671,373.5195923,173.1560059,143.5391235
3/9/2021,292.4050293,151.4254608,374.4950256,173.9024963,144.0924988
7/9/2021,291.4728699,153.7709351,380.3872375,175.4644928,144.8329926
8/9/2021,291.5019531,152.2203827,375.7988892,176.2749939,144.2005005
9/9/2021,288.6278687,151.1997528,376.2268372,174.2079926,144.2303619
10/9/2021,287.1324463,146.1947327,376.9136047,173.4575043,141.2519684
13/9/2021,288.3754272,146.7639313,374.7438354,172.8585052,142.7886963
14/9/2021,291.0941772,145.3605804,374.7637329,172.5,142.7299805
15/9/2021,295.978302,146.2536163,372.1660156,173.789505,144.5214691
16/9/2021,296.3666687,146.0180817,371.3100281,174.4120026,143.6929169
17/9/2021,291.171875,143.338974,363.0091553,173.1260071,140.7966309
20/9/2021,285.7633972,140.2770844,354.0314331,167.786499,138.3616638
21/9/2021,286.2489319,140.7579498,355.8031311,167.1815033,138.9881897
22/9/2021,289.9193115,143.1328735,341.6000061,169.0025024,140.2741089
23/9/2021,290.8708496,144.0946198,344.3371582,170.8000031,141.1579132
24/9/2021,290.6669312,144.1829376,351.3043213,171.276001,141.9606018
27/9/2021,285.6372681,142.6618195,351.9213867,170.2899933,140.8339386
28/9/2021,275.2961121,139.2662659,339.0520325,165.7980042,135.5420227
29/9/2021,275.7622375,140.1691437,338.0169067,165.0559998,133.8868561
30/9/2021,273.7424927,138.8638916,337.7979736,164.2519989,132.6372528
1/10/2021,280.7142334,139.9924774,341.4009705,164.1629944,135.8191986
4/10/2021,274.8979797,136.5478973,324.6996765,159.4889984,133.1344147
5/10/2021,280.3840637,138.4811859,331.3981018,161.0500031,135.5350342
6/10/2021,284.6079407,139.354599,332.0749512,163.1004944,136.7064819
7/10/2021,286.2974548,140.6205597,327.6756287,165.1215057,138.5293579
8/10/2021,286.2974548,140.237854,328.5017395,164.4309998,139.395752
11/10/2021,285.6954651,140.1495209,323.9233704,162.3150024,138.1929474
12/10/2021,284.3846436,138.8737183,322.2512207,162.3665009,136.0684967
13/10/2021,287.7150574,138.2848969,323.0176392,164.2140045,137.2499084
14/10/2021,293.9682617,141.0818024,326.9889221,164.9929962,140.7453766
15/10/2021,295.3860474,142.1417084,323.2366028,170.451004,141.0071106
18/10/2021,298.3766479,143.8198395,333.7669067,172.3370056,142.2865601
19/10/2021,299.2893372,145.988678,338.3951416,172.2075043,143.1440125
20/10/2021,298.4931641,146.4793396,339.1814575,170.753006,141.7436218
21/10/2021,301.7459717,146.6952362,340.2762451,171.7505035,142.1074066
22/10/2021,300.1923828,145.9199677,323.0872803,166.7774963,137.9715118
25/10/2021,299.1922607,145.8708954,327.1481323,166.0184937,138.1188202
26/10/2021,301.1148376,146.5382538,314.3286133,168.8034973,139.0135651
27/10/2021,313.79599,146.0769958,310.7554016,169.6244965,145.7372284
28/10/2021,314.941864,149.7276917,315.4333801,172.3285065,145.4401245
29/10/2021,322.000946,147.0092926,322.052124,168.6215057,147.5715179
1/11/2021,319.8161926,146.1849213,328.4320984,165.9055023,143.0962372
2/11/2021,323.4671021,147.225174,326.5409851,165.6374969,145.1753998
3/11/2021,324.3118896,148.6678314,330.0643921,169.1999969,146.0980072
4/11/2021,326.6811218,148.1476898,334.2745667,173.8500061,147.9821014
5/11/2021,326.3121643,148.6783905,339.5298157,175.9494934,148.5374603
8/11/2021,327.2151489,147.8528442,337.0315857,174.4490051,148.6474457
9/11/2021,326.2053223,148.2164764,333.7967834,178.8114929,148.5449219
10/11/2021,321.2046814,145.3761749,326.1030579,174.1024933,145.9347839
11/11/2021,322.7874146,145.3270264,326.2025452,173.625,146.0562134
12/11/2021,326.9529419,147.4105835,339.2909241,176.2575073,148.9400482
15/11/2021,326.3218384,147.4204102,345.9295959,177.2839966,148.6837616
16/11/2021,329.6620483,148.4032135,341.3512268,177.0350037,148.37323
17/11/2021,329.8858032,150.8503876,339.1714478,177.4499969,148.3592834
18/11/2021,331.9772034,155.1550751,337.1012573,184.8029938,149.9985352
19/11/2021,333.7671509,157.7889862,343.6802673,183.8285065,149.2456055
22/11/2021,330.5764465,158.2508698,339.4103699,178.6284943,146.3851624
23/11/2021,328.4849548,158.6341858,335.6679993,179.0019989,146.0651703
24/11/2021,328.7087402,159.1550598,339.460144,179.0204926,146.0258484
26/11/2021,320.7028198,154.1132813,331.5574036,175.2279968,142.132782
29/11/2021,327.463562,157.484314,336.4443054,178.0785065,145.4251862
30/11/2021,321.5880432,162.4572906,322.9379578,175.3535004,141.7804718
1/12/2021,321.0919495,161.9363861,309.1430054,172.1860046,140.9503937
2/12/2021,320.5179749,160.9437866,308.9339905,171.8679962,143.0987091
3/12/2021,314.2144775,159.0567932,305.4006348,169.489502,141.8486328
6/12/2021,317.3078918,162.4769592,316.3788757,171.3684998,143.1186218
7/12/2021,325.8001709,168.2361755,321.2957153,176.164505,147.338623
8/12/2021,325.8487854,172.0691223,329.0093384,176.1580048,148.0194244
9/12/2021,324.0296631,171.5580292,328.2728577,174.1710052,147.4078064
10/12/2021,333.2127075,176.3639221,328.203186,172.2120056,147.9741211
13/12/2021,330.1581726,172.7177582,332.9209595,169.5675049,146.0129089
14/12/2021,319.399292,171.3320007,332.1744385,169.091507,144.2870789
15/12/2021,325.5375061,176.2165222,340.057312,173.3150024,146.6737976
16/12/2021,316.0529785,169.2975769,333.32901,168.8710022,144.1557159
17/12/2021,314.9829407,168.1968536,332.2242126,170.0175018,142.1298065
20/12/2021,311.198822,166.8307648,323.9233704,167.0789948,141.7301941
21/12/2021,318.3779602,170.0150452,332.6322937,170.4170074,143.5406342
22/12/2021,324.1269836,172.6194763,328.8998718,171.0370026,146.2562714
23/12/2021,325.5764465,173.2484283,333.6673889,171.0684967,146.4488525
27/12/2021,333.1251221,177.2288208,344.5560913,169.6694946,147.3659973
28/12/2021,331.9577637,176.2066956,344.5959473,170.6609955,145.7576294
29/12/2021,332.6387329,176.2951508,341.3312988,169.201004,145.813858
30/12/2021,330.0803833,175.135437,342.7446289,168.6445007,145.3142242
31/12/2021,327.1620483,174.5162659,334.7722168,166.7169952,143.997467
3/1/2022,325.6347656,178.8799133,336.9519348,170.4044952,144.3905945
4/1/2022,320.0510559,176.6096649,334.9513855,167.5220032,143.7357178
5/1/2022,307.7649841,171.91185,322.649353,164.3569946,137.0045929
6/1/2022,305.3330383,169.0420837,330.9004517,163.2539978,136.9025574
7/1/2022,305.4887085,169.209137,330.2336121,162.5540009,136.3586273
10/1/2022,305.7124023,169.2287903,326.5310974,161.4859924,137.9207458
11/1/2022,306.4031372,172.0691223,332.8015137,165.3619995,139.3574371
12/1/2022,309.6035461,172.5113831,331.6967468,165.2070007,140.9802399
13/1/2022,296.5002747,169.2287903,324.9485474,161.2140045,138.4751129
14/1/2022,301.7532959,170.093689,330.3431091,162.1380005,139.127533
18/1/2022,294.4088745,166.8798828,316.6576233,158.9174957,135.6480103
19/1/2022,295.0703735,163.3712769,318.0908203,156.298996,135.0125122
20/1/2022,293.3874817,161.6808472,315.0750427,151.6674957,132.877121
21/1/2022,287.9690857,159.6170044,301.7478638,142.6430054,129.4787292
24/1/2022,288.2998657,158.8405457,307.2618408,144.5440063,129.7574005
25/1/2022,280.6343994,157.032196,298.7420349,139.9859924,126.1380463
26/1/2022,288.6306152,156.9437714,293.2478943,138.8724976,128.6307526
27/1/2022,291.675354,156.4818573,293.2578735,139.6374969,128.5122986
28/1/2022,299.8660889,167.4008179,300.2946777,143.9779968,132.6611633
31/1/2022,302.5120239,171.7742462,311.7905273,149.5735016,135.0588074
1/2/2022,300.3524475,171.6071625,317.5036011,151.1934967,137.2285004
2/2/2022,304.924469,172.8160095,321.4848328,150.6125031,147.338623
3/2/2022,293.0470276,169.92659,236.6446838,138.8455048,141.9780273
4/2/2022,297.6092834,169.6412201,235.977829,157.6394958,142.3418121
7/2/2022,292.7551575,168.9228516,223.8549805,157.9355011,138.28302
8/2/2022,296.2668762,172.0422974,219.1471405,161.4134979,138.5567322
9/2/2022,302.7357788,173.469162,230.9116974,161.1894989,140.7861786
10/2/2022,294.1461792,169.3755188,227.0001526,159.0034943,137.9490967
11/2/2022,287.0061035,165.9510193,218.5201111,153.2935028,133.4976959
14/2/2022,286.9671631,166.1871948,216.6787872,155.1670074,134.6621857
15/2/2022,292.2882385,170.0348206,219.9633179,156.510498,135.7823792
16/2/2022,291.9470215,169.7986755,215.5242157,158.1004944,136.8393707
17/2/2022,283.3982239,166.1871948,206.7356415,154.6524963,131.6847839
18/2/2022,280.6687927,164.63237,205.1929321,152.6015015,129.8524628
22/2/2022,280.4641724,161.6998901,201.1320648,150.1974945,128.7924652
23/2/2022,273.2020264,157.5176544,197.5190887,144.8269958,126.9835434
24/2/2022,287.1608276,160.1450958,206.6261749,151.3580017,132.0480347
25/2/2022,289.8122559,162.2214355,209.4926605,153.7884979,133.8853607
28/2/2022,291.2549438,162.4871216,210.0400848,153.5630035,134.2551117
1/3/2022,287.5118103,160.5977631,202.5354462,151.1419983,133.5355072
2/3/2022,292.6196594,163.9041595,207.1337585,152.0525055,134.1162567
3/3/2022,288.4573364,163.579422,202.0178986,147.8984985,133.6748657
4/3/2022,282.5501709,160.5682526,199.121521,145.6410065,131.4991608
7/3/2022,271.8763428,156.7599487,186.5905914,137.4530029,125.8683319
8/3/2022,268.8934631,154.9295959,189.3973541,136.0144958,126.6785049
9/3/2022,281.2244873,160.3517151,197.5688782,139.279007,133.2349548
10/3/2022,278.3877869,155.9923553,194.2943115,146.8175049,132.0565491
11/3/2022,273.0070496,152.2628174,186.7299347,145.5245056,129.8604126
14/3/2022,269.4685974,148.2183075,185.7545471,141.8529968,126.1435165
15/3/2022,279.9084778,152.6170654,191.1291962,147.3665009,129.0492706
16/3/2022,286.9659119,157.0452881,202.6748047,153.1040039,133.0602875
17/3/2022,287.7749939,158.0589142,206.8650513,157.2389984,133.9659729
18/3/2022,292.8536072,161.3652802,215.4744568,161.2505035,136.156601
21/3/2022,291.6156311,162.7430115,210.4979248,161.4915009,135.8351288
22/3/2022,296.3919983,166.1281433,215.6337128,164.8890076,139.6161957
23/3/2022,291.9373169,167.4959717,212.4586945,163.4080048,137.8505859
24/3/2022,296.4310608,171.2944336,218.5400238,163.6495056,140.6458282
25/3/2022,296.0216064,171.9340515,220.7794647,164.7734985,140.8543701
28/3/2022,302.8645935,172.8000641,222.541153,168.9904938,141.280838
29/3/2022,307.4558105,176.1064301,228.7817688,169.3150024,142.574707
30/3/2022,305.9449463,174.9354401,226.781189,166.3009949,141.9720459
31/3/2022,300.5349426,171.8258057,221.3169403,162.9974976,138.9911804
1/4/2022,301.6168823,171.5305786,223.7952728,163.5599976,140.0367279
4/4/2022,307.0269165,175.5947418,232.7928467,168.3464966,142.965332
5/4/2022,303.0400696,172.2686462,230.7524567,164.0549927,140.3980255
6/4/2022,291.9470215,169.0901489,222.2525024,158.7559967,136.5293427
7/4/2022,293.7698669,169.3952179,221.9041595,157.7845001,135.8216858
8/4/2022,289.480835,167.3778839,221.2870789,154.460495,133.3787537
11/4/2022,278.0661926,163.1071014,215.4446106,151.121994,129.1846161
12/4/2022,274.9468384,164.9866333,213.1355133,150.7875061,127.7693253
13/4/2022,280.3666382,167.6829376,213.9815216,155.5410004,129.671814
14/4/2022,272.7731018,162.6544189,209.1940613,151.7064972,126.6530991
18/4/2022,273.4456787,162.4379425,209.781311,152.7850037,127.3577728
19/4/2022,278.1051636,164.7307739,216.2906036,158.1154938,129.9156647
20/4/2022,279.1383972,164.5634918,199.4798431,153.9980011,127.6409378
21/4/2022,273.7283936,163.7664185,187.1877747,148.2960052,124.3485336
22/4/2022,267.1193237,159.2102203,183.2463531,144.3500061,119.0501251
25/4/2022,273.640625,160.2828522,186.112854,146.0740051,122.6689758
26/4/2022,263.405426,154.2997894,180.101181,139.3910065,118.9426346
27/4/2022,276.0776062,154.0734711,174.1293335,138.1670074,114.4782791
28/4/2022,282.3259277,161.030777,204.7649536,144.5964966,118.8485794
29/4/2022,270.5213928,155.1362305,199.5296173,124.2815018,114.42453
2/5/2022,277.2960815,155.4412994,210.1396332,124.5,116.6046982
3/5/2022,274.6738586,156.9370575,211.0353699,124.2535019,117.5726166
4/5/2022,282.6671753,163.3727875,222.3620148,125.9284973,121.9971695
5/5/2022,270.3556213,154.2702942,207.3029633,116.4069977,116.1961441
6/5/2022,267.8017273,154.999527,202.8141327,114.7724991,115.114769
9/5/2022,257.9077148,149.8552094,195.2896118,108.7890015,112.5509109
10/5/2022,262.7036133,152.2696838,196.7228394,108.8590012,114.0443344
11/5/2022,253.9792786,144.3758087,187.85466,105.3720016,113.4237671
12/5/2022,248.9104767,140.492981,190.342926,106.9304962,112.6275406
13/5/2022,254.5348816,144.977005,197.6882935,113.0550003,115.9662323
16/5/2022,254.9053955,143.4297791,199.1016235,110.8105011,114.251358
17/5/2022,260.091217,147.0761261,201.6695404,115.3684998,116.1513519
18/5/2022,248.2493286,138.7782288,191.3382263,107.1125031,111.8711319
19/5/2022,247.3309174,135.3585205,190.3926697,107.3190002,110.2234344
20/5/2022,246.7641754,135.595047,192.6321259,107.5910034,108.7976837
23/5/2022,254.6685944,141.0350189,195.3095093,107.5569992,111.1400833
24/5/2022,253.6622162,138.3248596,180.4296265,104.0999985,105.4266586
25/5/2022,256.495697,138.4825592,182.9676819,106.7750015,105.3405533
26/5/2022,259.7980652,141.6953125,190.7310638,111.0774994,107.7854767
27/5/2022,266.969635,147.4703064,194.2146759,115.1464996,112.2672501
31/5/2022,265.6310425,146.6819,192.7316589,120.2095032,113.5014114
1/6/2022,266.1684875,146.553833,187.7551117,121.6839981,113.5989456
2/6/2022,268.2788696,149.0175476,197.9271698,125.5110016,117.1909332
3/6/2022,263.8235474,143.2720795,189.8850555,122.3499985,114.0239258
6/6/2022,262.5827026,144.0210876,193.3387909,124.7900009,116.4588928
7/6/2022,266.2466125,146.553833,194.7322235,123,116.6768646
8/6/2022,264.2045898,145.8146667,195.7175903,121.1800003,116.685318
9/6/2022,258.713562,140.5718384,183.1368713,116.1500015,114.3762665
10/6/2022,247.1843414,135.1417236,174.7464294,109.6500015,110.9022141
13/6/2022,236.700592,129.9678192,163.4894562,103.6699982,106.3726807
14/6/2022,238.8794098,130.835083,162.9619446,102.3099976,106.6886673
15/6/2022,245.9825897,133.4663544,168.555603,107.6699982,109.8701096
16/6/2022,239.3483887,128.1742096,160.115387,103.6600037,106.1333084
17/6/2022,241.9668732,129.6524658,162.9719086,106.2200012,107.3570099
21/6/2022,247.9171448,133.8999786,156.3133087,108.6800003,111.4869385
22/6/2022,247.3211365,133.3875427,155.1189423,108.9499969,111.5058517
23/6/2022,252.9196014,136.2651825,158.0053253,112.4400024,112.1532898
24/6/2022,261.5567932,139.6060486,169.3618011,116.4599991,117.9791946
27/6/2022,258.8112793,139.6060486,168.694931,113.2200012,116.072731
28/6/2022,250.5942535,135.4472046,159.9262543,107.4000015,112.0408325
29/6/2022,254.2875214,137.2112732,163.17099,108.9199982,111.7273026
30/6/2022,250.9362335,134.7376404,160.493576,106.2099991,108.8568954
1/7/2022,253.6230621,136.9156189,159.2793121,109.5599976,108.5667801
5/7/2022,256.8180542,139.5074615,167.4010315,113.5,113.3501205
6/7/2022,260.1009827,140.8477478,168.9736328,114.3300018,114.670372
7/7/2022,262.2406616,144.2280273,171.3822632,116.3300018,118.743576
8/7/2022,261.5177002,144.90802,170.0784302,115.5400009,119.6020126
11/7/2022,258.4400024,142.7694855,162.1159515,111.75,115.9731903
12/7/2022,247.8487396,143.7451324,162.5041199,109.2200012,114.3080826
13/7/2022,246.9205475,143.3804779,162.7230835,110.4000015,111.6581421
14/7/2022,248.2493286,146.317276,157.308609,110.6299973,110.9146652
15/7/2022,250.8287659,147.99263,163.9274139,113.5500031,112.235405
18/7/2022,248.4154358,144.9376068,166.4455414,113.7600021,109.3918762
19/7/2022,253.574295,148.8106079,174.9554291,118.2099991,114.0796738
20/7/2022,256.2514038,150.8209991,182.2311401,122.7699966,114.1592865
21/7/2022,258.7623901,153.0975342,182.3107605,124.6299973,114.4976883
22/7/2022,254.3852386,151.8557739,168.4759674,122.4199982,107.8491745
25/7/2022,252.8903351,150.7323303,165.8682556,121.1399994,107.6998901
26/7/2022,246.1193237,149.4019165,158.4034424,114.8099976,104.9429474
27/7/2022,262.5728149,154.5166779,168.7845154,120.9700012,113.064476
28/7/2022,270.0668945,155.0685272,159.9660645,122.2799988,114.0498047
29/7/2022,274.2975464,160.153717,158.3536835,134.9499969,116.0901413
1/8/2022,271.630188,159.1682129,159.1797638,135.3899994,114.9356079
2/8/2022,268.5134277,157.6899567,159.4385681,134.1600037,115.3536377
3/8/2022,275.987793,163.7212372,168.008194,139.5200043,118.2200546
4/8/2022,277.1407471,163.4058685,169.7698822,142.5700073,118.3096313
5/8/2022,276.4177246,163.178894,166.3260956,140.8000031,117.6627045
8/8/2022,273.887146,162.7052002,169.451355,139.4100037,117.5830688
9/8/2022,275.8216858,162.7545319,167.7394409,137.8300018,116.9460831
10/8/2022,282.524292,167.0178375,177.503418,142.6900024,120.0812378
11/8/2022,280.4334412,166.2776642,176.6574097,140.6399994,119.2551498
12/8/2022,285.2112427,169.840271,179.6532898,143.5500031,122.0718155
15/8/2022,286.7353821,170.9159393,180.0414581,143.1799927,122.3007202
16/8/2022,285.9928284,170.7580566,178.6281281,144.7799988,121.9324722
17/8/2022,285.2389221,172.2581024,174.0298004,142.1000061,119.7528
18/8/2022,284.1128845,171.8633423,173.840683,142.3000031,120.2902527
19/8/2022,280.1767883,169.2678833,167.1721039,138.2299957,117.5631714
22/8/2022,271.952179,165.3697357,162.2851563,133.2200012,114.5275421
23/8/2022,270.6695251,165.0341797,160.3542633,133.6199951,114.2289505
24/8/2022,270.0330811,165.3302612,162.4941711,133.8000031,114.1592865
25/8/2022,273.0292053,167.7974243,167.988266,137.2799988,117.1451416
26/8/2022,262.4938354,161.4716187,161.0211334,130.75,110.775322
29/8/2022,259.6935425,159.2610626,158.4233551,129.7899933,109.8198395
30/8/2022,257.4806824,156.8234711,156.4227905,128.7299957,109.3918762
31/8/2022,256.0120239,155.1556244,162.1657104,126.7699966,108.6354523
1/9/2022,254.9643402,155.8858948,164.5843201,127.8199997,110.028862
2/9/2022,250.7149048,153.7641449,159.5679626,127.5100021,108.1676712
6/9/2022,247.9635925,152.5009613,157.7962952,126.1100006,106.9733353
7/9/2022,252.7025299,153.9121552,159.6376343,129.4799957,109.9591904
8/9/2022,253.1235504,152.4318695,161.2997742,129.8200073,108.9041748
9/9/2022,258.9396057,155.3036804,168.3565216,133.2700043,111.2530441
12/9/2022,261.0838928,161.2840881,168.1674347,136.4499969,111.3426361
13/9/2022,246.7298889,151.8199921,152.4116821,126.8199997,104.8135529
14/9/2022,246.9550629,153.2707214,150.7594757,128.5500031,105.3709183
15/9/2022,240.2578583,150.3693237,148.8484955,126.2799988,103.4102097
16/9/2022,239.6312561,148.7212677,145.6037598,123.5299988,103.1414719
19/9/2022,239.4158325,152.4516144,147.3256531,124.6600037,103.3604355
20/9/2022,237.3890381,154.8398285,145.4047089,122.1900024,101.3499527
21/9/2022,233.9621124,151.7015839,141.4533234,118.5400009,99.5385437
22/9/2022,235.9496765,150.7344818,142.1500702,117.3099976,100.0959015
23/9/2022,232.9535828,148.4547882,139.751358,113.7799988,98.70249939
26/9/2022,232.4933929,148.7903442,135.7303009,115.1500015,98.3441925
27/9/2022,231.4750977,149.767334,133.7695313,114.4100037,97.62757874
28/9/2022,236.0378876,147.8725128,140.9457245,118.0100021,100.2650909
29/9/2022,232.5423584,140.6091919,135.7701416,114.8000031,97.62757874
30/9/2022,228.0383453,136.385376,135.0435333,113,95.69674683
3/10/2022,235.7147217,140.5795746,137.9597931,115.8799973,98.83189392
4/10/2022,243.684845,144.1816559,139.6219635,121.0899963,101.9272308
5/10/2022,243.9981232,144.4777069,138.3280334,120.9499969,101.7381134
6/10/2022,241.638443,143.5204315,138.4176483,120.3000031,101.7580185
7/10/2022,229.3504333,138.2505646,132.8239899,114.5599976,99.10061646
10/10/2022,224.4645844,138.5762329,133.1623993,113.6699982,98.24466705
11/10/2022,220.7047577,137.1551208,127.9370193,112.2099991,97.58777618
12/10/2022,221.0376282,136.5235291,126.9019012,112.9000015,97.83660126
13/10/2022,229.3504333,141.1125031,129.6788177,112.5299988,99.23995209
14/10/2022,223.7889557,136.5630341,126.1653824,106.9000015,96.72188568
17/10/2022,232.5717468,140.5401001,133.4112091,113.7900009,100.3049011
18/10/2022,233.5214844,141.8624878,132.1770477,116.3600006,100.9120407
19/10/2022,231.5436249,141.9710693,132.6050262,115.0699997,99.8172226
20/10/2022,231.2205505,141.5072327,130.9130096,115.25,100.0560837
21/10/2022,237.065918,145.3363037,129.4001312,119.3199997,101.0016098
24/10/2022,242.0888519,147.4876709,129.1115112,119.8199997,102.484581
25/10/2022,245.4276428,150.3397217,136.8649445,120.5999985,104.4353485
26/10/2022,226.4913635,147.3889618,129.2110443,115.6600037,94.3730011
27/10/2022,222.0167389,142.8987427,97.48057556,110.9599991,92.16346741
28/10/2022,230.9463654,153.6950684,98.73466492,103.4100037,96.12471008
31/10/2022,227.2844543,151.3265839,92.72299957,102.4400024,94.21376038
1/11/2022,223.4071198,148.671875,94.7534256,96.79000092,90.07337189
2/11/2022,215.5055847,143.1257019,90.11529541,92.12000275,86.65953827
3/11/2022,209.77771,137.0564575,88.49293518,89.30000305,83.09642029
4/11/2022,216.768631,136.789566,90.36411285,90.98000336,86.29127502
7/11/2022,223.1133575,137.3233185,96.26628876,90.52999878,88.23209381
8/11/2022,224.0924988,137.8966827,96.01747131,89.98000336,88.49087524
9/11/2022,219.8235321,133.3199158,100.9940262,86.13999939,86.9879837
10/11/2022,237.907959,145.1819611,111.3452301,96.62999725,93.72607422
11/11/2022,241.9517517,147.9794312,112.48983,100.7900009,96.27400208
14/11/2022,236.5078125,146.5757904,113.6842041,98.48999786,95.57730865
15/11/2022,236.9190674,148.3155212,116.5307922,98.94000244,98.25462341
16/11/2022,237.3510895,147.079895,112.6988525,97.12000275,98.52335358
17/11/2022,237.3019562,148.9877167,110.9271851,94.84999847,98.03565216
18/11/2022,236.8503113,149.5511627,111.5243912,94.13999939,97.33895874
21/11/2022,237.6652679,146.3088837,109.3446579,92.45999908,95.37824249
22/11/2022,240.5913086,148.4539185,110.9172516,93.19999695,96.87117767
23/11/2022,243.0951233,149.3337097,111.7134857,94.12999725,98.35414886
25/11/2022,243.0067139,146.4077454,110.8873901,93.41000366,97.13990021
28/11/2022,237.3805389,142.5624237,108.269722,93.94999695,95.79626465
29/11/2022,235.9764404,139.5474854,108.9465408,92.41999817,94.99008179
30/11/2022,250.5181732,146.3286591,117.5459976,96.54000092,100.9717484
1/12/2022,250.0763092,146.605423,119.8750305,95.5,100.8025513
2/12/2022,250.4003448,146.111145,122.9107208,94.12999725,100.3546829
5/12/2022,245.6676331,144.9447327,121.8556976,91.01000214,99.39920807
6/12/2022,240.679657,141.2675018,113.584671,88.25,96.85126495
7/12/2022,239.9432526,139.3201447,113.3955688,88.45999908,94.70144653
8/12/2022,242.9183655,141.0104675,114.7890015,90.34999847,93.50710297
9/12/2022,240.9742279,140.5261078,115.3563309,89.08999634,92.63124847
12/12/2022,247.9357605,142.8293457,114.1718979,90.55000305,93.11894226
13/12/2022,252.2658997,143.7980499,119.5863953,92.48999786,95.39813995
14/12/2022,252.5604706,141.5640106,121.0196228,91.58000183,94.86070251
15/12/2022,244.4991913,134.9311676,115.6051559,88.44999695,90.77006531
16/12/2022,240.2574463,132.9640198,118.8697662,87.86000061,90.43167877
19/12/2022,236.0942535,130.8486328,113.9429855,84.91999817,88.72974396
20/12/2022,237.4198151,130.7794037,116.540741,85.19000244,89.20746613
21/12/2022,240.0021362,133.893219,119.1982193,86.76999664,89.82455444
22/12/2022,233.8751984,130.7102203,116.5706024,83.79000092,87.84392548
23/12/2022,234.4054108,130.3444824,117.48629,85.25,89.38661957
27/12/2022,232.6674957,128.5355072,116.3317337,83.04000092,87.5154953
28/12/2022,230.2814941,124.5913849,115.0776367,81.81999969,86.05242157
29/12/2022,236.644104,128.1203613,119.6958694,84.18000031,88.5306778
30/12/2022,235.4756927,128.4366608,119.7754974,84,88.3117218
3/1/2023,235.240036,123.6325226,124.1548615,85.81999969,89.27713776
4/1/2023,224.9498901,124.9076996,126.7725296,85.13999939,88.29180908
5/1/2023,218.2828674,123.583107,126.3445358,83.12000275,86.36095428
6/1/2023,220.8553772,128.1302185,129.41008,86.08000183,87.74440002
9/1/2023,223.0057373,128.6541138,128.8626709,87.36000061,88.3813858
10/1/2023,224.7043915,129.227478,132.3661499,89.87000275,88.81930542
11/1/2023,231.4990387,131.9557648,132.2666168,95.08999634,91.82508087
12/1/2023,234.1894226,131.8766937,136.0687103,95.26999664,91.47673035
13/1/2023,234.8963623,133.2111359,136.3374329,98.12000275,92.36253357
17/1/2023,235.9960938,134.377594,134.7250519,96.05000305,91.72555542
18/1/2023,231.5383301,133.6559753,132.3960114,95.45999908,91.34732819
19/1/2023,227.7286072,133.7152863,135.511322,93.68000031,93.46730042
20/1/2023,235.8684387,136.2854156,138.716217,97.25,98.8119812
23/1/2023,238.1856689,139.4881897,142.5979309,97.51999664,100.7328873
24/1/2023,237.6554413,140.8918457,142.4685364,96.31999969,98.74230957
25/1/2023,236.2513733,140.2295837,140.8362427,97.18000031,96.27400208
26/1/2023,243.5074921,142.3054352,146.6090088,99.22000122,98.69255066
27/1/2023,243.6645966,144.2527771,151.0281982,102.2399979,100.2352295
30/1/2023,238.313324,141.3564453,146.3701477,100.5500031,97.4882431
31/1/2023,243.3209381,142.6316223,148.2711792,103.1299973,99.39920807
1/2/2023,248.1714325,143.7585144,152.4017181,105.1500015,100.9518509
2/2/2023,259.8067627,149.0865936,187.8845215,112.9100037,108.2871017
3/2/2023,253.6700134,152.7242889,185.655014,103.3899994,104.7239761
6/2/2023,252.1186066,149.9861145,185.1872101,102.1800003,102.9822388
7/2/2023,262.7131653,152.8725586,190.7211304,102.1100006,107.5306854
8/2/2023,261.8982239,150.1739502,182.5695343,100.0500031,99.52857971
9/2/2023,258.844574,149.1360016,177.0853882,98.23999786,95.00998688
10/2/2023,258.3339539,149.5023041,173.3330536,97.61000061,94.41281128
13/2/2023,266.4050293,152.3139343,178.5883331,99.54000092,94.55216217
14/2/2023,267.2396851,151.6704559,178.6380615,99.69999695,94.50239563
15/2/2023,265.1036987,153.7792053,176.3289642,101.1600037,96.64225006
16/2/2023,258.0458679,152.175354,171.6311035,98.15000153,95.32848358
17/2/2023,254.0199432,151.0269165,172.069046,97.19999695,94.14408112
21/2/2023,248.7142944,146.9975433,171.2727966,94.58000183,91.61606598
22/2/2023,247.5724487,147.4232635,170.3173065,95.79000092,91.36724091
23/2/2023,250.7814026,147.9083862,171.2329712,95.81999969,90.64068604
24/2/2023,245.3183136,145.2452545,169.5907288,93.5,88.92878723
27/2/2023,246.2436066,146.443161,168.7447205,93.76000214,89.67525482
28/2/2023,245.5151672,145.9382782,174.1193848,94.23000336,89.87431335
1/3/2023,242.4145203,143.8592224,172.6065063,92.16999817,90.08332825
2/3/2023,247.1787415,144.4532318,173.7112885,92.12999725,91.87483215
3/3/2023,251.2932739,149.52211,184.3809967,94.90000153,93.57676697
6/3/2023,252.8485413,152.2941589,184.0326538,93.75,95.12942505
7/3/2023,250.1711273,150.0864258,183.6444855,93.55000305,93.72607422
8/3/2023,249.7281799,151.3437195,184.1023254,93.91999817,94.20381165
9/3/2023,248.3697662,149.0865021,180.8377075,92.25,92.22319031
10/3/2023,244.6981659,147.0173492,178.6679382,90.73000336,90.58097076
13/3/2023,249.9447021,148.9677124,180.0514221,92.43000031,91.22790527
14/3/2023,256.7071838,151.0665131,193.1098785,94.87999725,93.80569458
15/3/2023,261.2843933,151.4625397,196.8223572,96.19999695,96.09485626
16/3/2023,271.875946,154.2939758,203.9686737,100.0400009,100.593544
17/3/2023,275.0553284,153.4524841,194.6924286,98.94999695,101.9769897
20/3/2023,267.9680786,155.828537,196.8820953,97.70999908,101.4494858
21/3/2023,269.4938049,157.6897278,201.2116852,100.6100006,105.3410492
22/3/2023,268.0271301,156.2542267,198.8727264,98.69999695,103.7286987
23/3/2023,273.3130493,157.3432159,203.3217468,98.70999908,105.759079
24/3/2023,276.1775208,158.6500702,205.0436096,98.12999725,105.5600204
27/3/2023,272.0531311,156.6997528,201.888504,98.04000092,102.5741653
28/3/2023,270.9211121,156.076004,199.7386322,97.23999786,100.8821793
29/3/2023,276.1184387,159.1649017,204.386734,100.25,101.419632
30/3/2023,279.6029968,160.7389984,206.8650513,102,100.8423615
31/3/2023,283.786499,163.2536163,210.945816,103.2900009,103.5097351
3/4/2023,282.7332458,164.5109558,212.0705261,102.4100037,104.4154434
4/4/2023,282.684021,163.9763336,213.7127686,103.9499969,104.6244507
5/4/2023,279.8884583,162.1250153,210.4879608,101.0999985,104.455246
6/4/2023,287.0348511,163.016037,215.0863037,102.0599976,108.3866272
10/4/2023,284.8594666,160.4122772,213.74263,102.1699982,106.4458237
11/4/2023,278.4021606,159.1945648,212.8468475,99.91999817,105.6197433
12/4/2023,279.0517883,158.5015717,212.9961548,97.83000183,104.7239761
13/4/2023,285.3023987,163.9070435,219.3163605,102.4000015,107.679985
14/4/2023,281.6603088,163.5605469,220.4510193,102.5100021,108.943985
17/4/2023,284.278595,163.5803375,217.8333435,102.7399979,105.9183197
18/4/2023,283.8554077,164.8079529,216.8679047,102.3000031,104.6244507
19/4/2023,283.9341125,165.9563751,214.6881714,104.3000031,104.5249176
20/4/2023,281.6307678,164.986145,212.0705261,103.8099976,105.4007645
21/4/2023,281.2862549,163.3724365,211.8913574,106.9599991,105.4107361
24/4/2023,277.3586731,163.6793365,211.7918091,106.2099991,106.2766266
25/4/2023,271.1081543,162.1349182,206.5764008,102.5699997,104.1168594
26/4/2023,290.7458191,162.1250153,208.4177246,104.9800034,103.9576111
27/4/2023,300.0576782,166.7285919,237.4409332,109.8199997,107.8591309
28/4/2023,302.4496765,167.9858856,239.192688,105.4499969,107.7098389
1/5/2023,300.7763367,167.8968048,242.0392456,102.0500031,107.2022324
2/5/2023,300.6286316,166.8572998,238.1177521,103.6299973,105.4803925
3/5/2023,299.6344299,165.778183,235.9181213,103.6500015,105.6197433
4/5/2023,300.6286316,164.1347351,232.4245758,104,104.7140274
5/5/2023,305.7865906,171.8370972,231.6880493,105.6600037,105.7142868
8/5/2023,303.8178711,171.7677612,232.1757507,105.8300018,107.7297363
9/5/2023,302.1937561,170.0550537,232.2752838,106.6200027,107.43116
10/5/2023,307.4205627,171.8271637,231.9866333,110.1900024,111.7507019
11/5/2023,305.2550659,172.0152588,234.6839294,112.1800003,116.3489151
12/5/2023,304.1328735,171.083374,232.7132111,110.2600021,117.3641052
15/5/2023,304.6152039,170.5876617,237.7395325,111.1999969,116.408638
16/5/2023,306.8595276,170.5876617,237.6997223,113.4000015,119.5238724
17/5/2023,309.7598267,171.2023315,241.3525085,115.5,120.9073257
18/5/2023,314.21875,173.5420074,245.6920624,118.1500015,122.9376984
19/5/2023,314.0411987,173.651062,244.4877319,116.25,122.6689758
22/5/2023,316.842865,172.6993256,247.1551514,115.0100021,125.2766418
23/5/2023,311.0028076,170.0820618,245.5825653,114.9899979,122.7087936
24/5/2023,309.6118164,170.3596344,248.0410004,116.75,121.0665741
25/5/2023,321.5188599,171.4997711,251.5046539,115,123.7637939
26/5/2023,328.3947449,173.9187164,260.8108215,120.1100006,124.8386993
30/5/2023,326.7373962,175.7726135,261.2885437,121.6600037,124.0524292
31/5/2023,323.9555054,175.723053,263.4782104,120.5800018,122.7884293
1/6/2023,328.0888672,178.5385742,271.3311768,122.7699966,123.783699
2/6/2023,330.8708496,179.3911591,271.3311768,124.25,124.6396561
5/6/2023,331.4035645,178.0329895,270.1169128,125.3000031,126.0330429
6/6/2023,329.1740723,177.666153,269.8482056,126.6100006,127.3070221
7/6/2023,319.0131836,176.2881317,262.3634644,121.2300034,122.3604431
8/6/2023,320.8677673,179.0144806,263.3388672,124.25,122.091713
9/6/2023,322.3771362,179.4010773,263.7071228,123.4300003,122.2907791
12/6/2023,327.3687439,182.2067108,269.7785034,126.5699997,123.7637939
13/6/2023,329.7758484,181.730835,270.0472717,126.6600037,123.8434143
14/6/2023,332.7846375,182.3653564,272.0677185,126.4199982,123.7936554
15/6/2023,343.399353,184.4075775,280.5079651,127.1100006,125.1970215
16/6/2023,337.7072144,183.3269806,279.6818848,125.4899979,123.4751663
20/6/2023,333.4850769,183.416214,282.9962463,125.7799988,123.2661514
21/6/2023,329.0556946,182.3752747,280.3188782,124.8300018,120.6883698
22/6/2023,335.1226501,185.3890381,283.5436401,130.1499939,123.2860565
23/6/2023,330.4959412,185.0718079,287.3755798,129.3300018,122.4400635
26/6/2023,324.1626587,183.6739655,277.1637268,127.3300018,118.528595
27/6/2023,330.0520325,186.4399109,285.7034912,129.1799927,118.4489746
28/6/2023,331.3147888,187.6196747,283.9517517,129.0399933,120.5092087
29/6/2023,330.5255737,187.9567566,280.2093506,127.9000015,119.4442596
30/6/2023,335.9414368,192.2990112,285.6338196,130.3600006,120.3997345
3/7/2023,333.4258423,190.8020172,284.6782837,130.2200012,119.9916611
5/7/2023,333.5837097,189.6817474,292.9891052,130.3800049,122.0519028
6/7/2023,336.6615601,190.1576233,290.6203003,128.3600006,120.3599243
7/7/2023,332.6662598,189.0373383,289.1671448,129.7799988,119.5736465
10/7/2023,327.3490601,186.9851837,292.7204285,127.1299973,116.3190613
11/7/2023,327.9804077,186.4597626,296.8907471,128.7799988,117.155098
12/7/2023,332.6465759,188.1351776,307.8888855,130.8000031,119.0560989
13/7/2023,338.0328064,188.8985443,311.9398193,134.3000031,124.2415314
14/7/2023,340.5779724,189.047287,307.4211121,134.6799927,125.1074295
17/7/2023,341.0613708,192.3188477,309.1629028,133.5599976,124.4704514
18/7/2023,354.635498,192.0610657,310.5861816,132.8300018,123.4950714
19/7/2023,350.2850647,193.4192657,314.5276184,135.3600006,122.2011948
20/7/2023,342.1859131,191.4662628,301.1008911,129.9600067,118.9665146
21/7/2023,339.1277771,190.2865143,292.8796387,130,119.7428436
24/7/2023,340.449707,191.0895386,290.2420654,128.8000031,121.3054428
25/7/2023,346.240448,191.9520264,293.0886841,129.1300049,122.2111588
26/7/2023,333.2088013,192.8244476,297.1694641,128.1499939,129.0487671
27/7/2023,326.2540283,191.5554657,310.2477722,128.25,129.257782
28/7/2023,333.8007202,194.1429901,323.9532166,132.2100067,132.3829498
31/7/2023,331.3838196,194.7576599,317.1054993,133.6799927,132.4825134
1/8/2023,331.7981873,193.924881,321.196167,131.6900024,131.2682648
2/8/2023,323.0775146,190.9210052,312.8356018,128.2100067,128.0335693
3/8/2023,322.2488708,189.5231476,311.7208557,128.9100037,128.1629639
4/8/2023,323.3537292,180.4221954,309.2723999,139.5700073,127.9340515
7/8/2023,325.6522217,177.3092804,315.0750427,142.2200012,131.3180237
8/8/2023,321.6470947,178.2510986,311.1734314,139.9400024,131.2184906
9/8/2023,317.8786926,176.6549683,303.7782898,137.8500061,129.5364532
10/8/2023,318.5692444,176.4368439,304.3058472,138.5599976,129.5961761
11/8/2023,316.6751099,176.4963989,300.2250671,138.4100037,129.5563507
14/8/2023,319.6642761,178.1542816,304.7537231,140.5700073,131.2085419
15/8/2023,317.5136719,176.1588745,300.5335999,137.6699982,129.655899
16/8/2023,316.7425842,175.2853088,292.9094849,135.0700073,128.5013428
17/8/2023,313.2627563,172.7339935,283.7526855,133.9799957,129.8450012
18/8/2023,312.8673401,173.2204285,281.9212952,133.2200012,127.506073
21/8/2023,318.205719,174.5605927,288.5401306,134.6799927,128.3222198
22/8/2023,318.7790222,175.9404907,286.2509155,134.25,129.0786133
23/8/2023,323.2672424,179.8022003,292.8597412,135.5200043,132.582016
24/8/2023,316.3175049,175.0966797,285.4049072,131.8399963,129.805191
25/8/2023,319.2931519,177.3104553,284.1607361,133.2599945,130.0739136
28/8/2023,320.0049133,178.8789673,288.8984375,133.1399994,131.1687164
29/8/2023,324.6611328,182.780365,296.5921631,134.9100037,134.8512726
30/8/2023,325.0368347,186.2846832,293.7157288,135.0700073,136.2844849
31/8/2023,324.0185852,186.503067,294.5020447,138.0099945,136.7025299
1/9/2023,324.9082947,188.0814972,294.9897461,138.1199951,136.1551208
5/9/2023,329.7424622,188.3197479,298.7420349,137.2700043,136.0655365
6/9/2023,329.0801392,181.5791473,297.7666626,135.3600006,134.731842
7/9/2023,326.1440125,176.2680817,297.2689819,137.8500061,135.5579224
8/9/2023,330.4542542,176.8835602,296.4926453,138.2299957,136.5532227
11/9/2023,334.0823669,178.0550079,306.1172791,143.1000061,137.090683
12/9/2023,327.9827881,175.0172729,300.2449341,141.2299957,135.4285583
13/9/2023,332.2238159,172.9424591,303.6289978,144.8500061,136.8518219
14/9/2023,334.8337097,174.4613342,310.2577515,144.7200012,138.3347931
15/9/2023,326.450531,173.7366333,298.9012451,140.3899994,137.6480408
18/9/2023,325.3037109,176.6751099,301.1307373,139.9799957,138.3049316
19/9/2023,324.898407,177.7671204,303.6389465,137.6300049,138.1755371
20/9/2023,317.1083679,174.21315,298.2642822,135.2899933,133.9555359
21/9/2023,315.8825073,172.6644745,294.3427734,129.3300018,130.7407532
22/9/2023,313.3913269,173.5182343,297.677002,129.1199951,130.6312714
25/9/2023,313.9152832,174.7988586,299.4188232,131.2700043,131.5469208
26/9/2023,308.5768738,170.708847,297.5575867,125.9800034,128.8397522
27/9/2023,309.2194519,169.1899567,296.3432922,125.9800034,130.840271
28/9/2023,310.0597534,169.4480743,302.5341187,125.9800034,132.5023956
29/9/2023,312.1456909,169.9642944,298.8017273,127.1200027,131.2284393
2/10/2023,318.1265564,172.4858093,305.3807373,129.4600067,134.5327911
3/10/2023,309.8126526,171.1456299,299.5282898,124.7200012,132.6716156
4/10/2023,315.3190308,172.3964539,304.1465454,127,135.627594
5/10/2023,315.7144775,173.6373749,303.36026,125.9599991,135.3489227
6/10/2023,323.5242615,176.1985931,313.9503479,127.9599991,138.076004
9/10/2023,326.0550537,177.6876831,316.8665771,128.2599945,138.8423767
10/10/2023,324.641449,177.0920563,320.3302612,129.4799957,138.5437927
11/10/2023,328.6254272,178.4917908,326.2822571,131.8300018,141.0319977
12/10/2023,327.3797913,179.3951721,322.6394043,132.3300018,139.6286316
13/10/2023,323.9889526,177.5487061,313.2138062,129.7899933,137.926712
16/10/2023,328.8428955,177.4196472,319.6435242,132.5500031,139.827713
17/10/2023,328.2694702,175.861084,322.4801331,131.4700012,140.3253479
18/10/2023,326.3417053,174.5605927,315.4830933,128.1300049,138.6234131
19/10/2023,327.5379639,174.1833649,311.3426514,128.3999939,138.3248291
20/10/2023,322.94104,171.6221313,307.2021179,125.1699982,136.0953827
23/10/2023,325.560791,171.7412567,312.5370178,126.5599976,137.2499084
24/10/2023,326.756958,172.1780548,311.0838318,128.5599976,139.4594574
25/10/2023,336.781189,169.8551025,298.1249084,121.3899994,126.0728531
26/10/2023,324.1471252,165.6757202,286.9973755,119.5699997,122.8580856
27/10/2023,326.0451965,166.996048,295.3380737,127.7399979,122.8182755
30/10/2023,333.4595337,169.0509644,301.2402344,132.7100067,125.157196
31/10/2023,334.2503967,169.5274963,299.8567505,133.0899963,124.7093277
1/11/2023,342.1195679,172.7042084,310.387146,137,126.9686127
2/11/2023,344.3438721,176.2779999,309.4117737,138.0700073,127.9738693
3/11/2023,348.7727051,175.3646851,313.1242371,138.6000061,129.7554016
6/11/2023,352.460144,177.9259338,314.3186035,139.7400055,130.8303223
7/11/2023,356.4144897,180.4971008,317.3244324,142.7100067,131.7758484
8/11/2023,359.0540466,181.5593109,318.2799683,142.0800018,132.6318054
9/11/2023,356.5726929,181.0827789,319.0463257,140.6000061,131.0691986
10/11/2023,365.4501953,185.2875366,327.2277527,143.5599976,133.428009
13/11/2023,362.4942932,183.697113,327.6457825,142.5899963,133.0099792
14/11/2023,366.043335,186.3213501,334.7324219,145.8000031,134.7915649
15/11/2023,366.191925,186.8879395,331.149292,143.1999969,135.7370911
16/11/2023,372.6307983,188.5778198,332.622345,142.8300018,138.0461426
17/11/2023,366.3702393,188.5579071,333.4683838,145.1799927,136.2944489
20/11/2023,373.8887939,190.3074036,338.3752441,146.1300049,137.2698212
21/11/2023,369.5599365,189.502243,335.399292,143.8999939,137.9665222
22/11/2023,374.2949524,190.1682434,339.8880615,146.7100067,139.3599243
24/11/2023,373.8788757,188.8362427,336.6434021,146.7400055,137.5684204
27/11/2023,375.0477905,188.6573029,333.1299744,147.7299957,137.3992157
28/11/2023,379.0993347,189.2636719,337.3998108,147.0299988,137.9665222
29/11/2023,375.2855835,188.2398071,330.6416931,146.3200073,135.7569885
30/11/2023,375.3449707,188.8163605,325.6153564,146.0899963,133.288681
1/12/2023,370.9864197,190.0986633,323.2962952,147.0299988,132.6915131
4/12/2023,365.6669006,188.299469,318.5188293,144.8399963,130.0142059
5/12/2023,369.0150452,192.2656555,316.796936,146.8800049,131.7658997
6/12/2023,365.3300781,191.1722412,315.9608459,144.5200043,130.8104095
7/12/2023,367.4599304,193.1105957,325.0579834,146.8800049,137.7973328
8/12/2023,370.7089844,194.5419922,331.1890869,147.4199982,135.9958649
11/12/2023,367.8065796,192.0270691,323.7541504,145.8899994,134.0650024
12/12/2023,370.8575745,193.5479736,332.6521912,147.4799957,133.0099792
13/12/2023,370.8476868,196.7785645,333.1697693,148.8399963,133.3384552
14/12/2023,362.4870911,196.9276733,331.6071167,147.4199982,132.5720673
15/12/2023,367.2419739,196.3908997,333.3489075,149.9700012,133.2090607
18/12/2023,369.1438599,194.7209167,343.003418,154.0700073,136.5432739
19/12/2023,369.7481384,195.7646637,348.7165222,153.7899933,137.4489899
20/12/2023,367.1329651,193.6672516,347.6415405,152.1199951,139.0016174
21/12/2023,370.0254822,193.5181274,352.4289856,153.8399963,141.131546
22/12/2023,371.0556946,192.4445953,351.7323303,153.4199982,142.0472107
26/12/2023,371.1349792,191.8978729,353.1655273,153.4100037,142.1467285
27/12/2023,370.5505066,191.9972534,356.1514282,153.3399963,140.7732544
28/12/2023,371.749115,192.4246979,356.6391296,153.3800049,140.6139984
29/12/2023,372.5019836,191.3809662,352.2995911,151.9400024,140.2656403
2/1/2024,367.3805847,184.5320892,344.6656189,149.9299927,138.9020844
3/1/2024,367.1131592,183.1503754,342.854126,148.4700012,139.6983185
4/1/2024,364.4781494,180.8243561,345.4916992,144.5700073,137.3892365
5/1/2024,364.289978,180.0986938,350.2990417,145.2400055,136.7423248
8/1/2024,371.1646729,184.4525604,356.9775696,149.1000061,139.8675232
9/1/2024,372.254303,184.03508,355.7533264,151.3699951,141.8879395
10/1/2024,379.1686096,185.0787964,368.7321472,153.7299957,143.1221161
11/1/2024,381.0111694,184.4823761,367.9358826,155.1799927,142.9927063
12/1/2024,384.815033,184.8104248,372.7332764,154.6199951,143.5600433
16/1/2024,386.5980835,182.5340881,365.7362671,153.1600037,143.4008026
17/1/2024,385.8056335,181.5897522,366.6419983,151.7100067,142.2164001
18/1/2024,390.1641846,187.5042419,374.3656311,153.5,144.3065033
19/1/2024,394.9190369,190.416748,381.6512756,155.3399963,147.2724457
22/1/2024,392.7793884,192.7328339,379.9890747,154.7799988,147.0136871
23/1/2024,395.1468811,194.015152,383.3930969,156.0200043,147.9791107
24/1/2024,398.7724304,193.3392029,388.8672791,156.8699951,149.6412506
25/1/2024,401.0606995,193.0111694,391.3356323,157.75,152.9157257
26/1/2024,400.1295776,191.271637,392.2911377,159.1199951,153.0650177
29/1/2024,405.8650818,190.5857391,399.1388245,161.2599945,154.1100616
30/1/2024,404.7457275,186.9177704,398.1833496,159,152.3285217
31/1/2024,393.839325,183.2994995,388.309906,155.1999969,141.131546
1/2/2024,399.9809875,185.744812,392.9281006,159.2799988,142.0372467
2/2/2024,407.3509827,184.7408447,472.7618713,171.8099976,142.863327
5/2/2024,401.833374,186.5599213,457.2549744,170.3099976,144.2467651
6/2/2024,401.6748657,188.1702423,452.5869446,169.1499939,144.7245331
7/2/2024,410.1543274,188.2796021,467.387207,170.5299988,145.9885254
8/2/2024,410.2137756,187.1961212,467.7952881,169.8399963,146.5259857
9/2/2024,416.5931702,187.9624634,465.9141235,174.4499969,149.5118561
12/2/2024,411.3529663,186.2704468,466.7004395,172.3399963,148.0288696
13/2/2024,402.4970703,184.1703796,457.9616089,168.6399994,145.6799774
14/2/2024,406.3873596,183.2845612,471.059906,170.9799957,146.4463654
15/2/2024,403.4795837,182.9959412,481.7594604,169.8000031,143.2614441
16/2/2024,400.9985046,181.4532013,471.0997009,169.5099945,141.0917206
20/2/2024,399.7381592,180.7067413,469.5370789,167.0800018,141.5296326
21/2/2024,399.1327209,181.4631653,466.3287659,168.5899963,143.161911
22/2/2024,408.5309753,183.5035248,484.3630066,174.5800018,144.6349335
23/2/2024,407.2309265,181.6622314,482.2706299,174.9900055,144.6050873
26/2/2024,404.452179,180.308609,479.9889526,174.7299957,138.0959167
27/2/2024,404.3926086,181.7717133,485.2796326,173.5399933,139.4395599
28/2/2024,404.6307678,180.5673981,482.2606201,173.1600037,136.782135
29/2/2024,410.5059204,179.9005432,488.3484497,176.7599945,139.121048
1/3/2024,412.3518372,178.8156738,500.4741821,178.2200012,137.4290619
4/3/2024,411.7762756,174.2770996,496.3791504,177.5800018,133.5673676
5/3/2024,399.5991821,169.3205109,488.4381104,174.1199951,133.1493378
6/3/2024,399.0434265,168.3251801,494.2867737,173.5099945,131.9351044
7/3/2024,406.0400696,168.2057495,510.3282776,176.8200073,134.602478
8/3/2024,403.1421509,169.9276123,504.1109314,175.3500061,135.647522
11/3/2024,401.4550171,171.9381409,481.8322144,171.9600067,138.2850189
12/3/2024,412.1334839,172.415863,497.9335022,175.3899994,138.9618073
13/3/2024,411.954895,170.3257599,493.7686768,176.5599976,140.1064148
14/3/2024,421.9981995,172.1869659,490.0422668,178.75,143.6595612
15/3/2024,413.2648926,171.8087463,482.340332,174.4199982,141.4997864
18/3/2024,414.1580505,172.9035797,495.1735535,174.4799957,147.7800598
19/3/2024,418.2171021,175.2524872,494.4362183,175.8999939,147.2226715
20/3/2024,422.0081177,177.8303223,503.6824951,178.1499939,148.9743805
21/3/2024,426.1167603,170.564621,505.9143677,178.1499939,148.0388184
22/3/2024,425.4915466,171.4703522,507.7277527,178.8699951,151.0545502
25/3/2024,419.6560669,170.0470734,501.1915894,179.7100067,150.4374695
26/3/2024,418.4552307,168.9124451,494.0875244,178.3000031,150.9848633
27/3/2024,418.2368774,172.4954987,492.0648804,179.8300018,151.2237396
28/3/2024,417.5323181,170.6741028,483.8149414,180.3800049,151.5422363
1/4/2024,421.3531189,169.2309265,489.5639954,180.9700012,155.7622375
2/4/2024,418.2468567,168.0464935,495.5621338,180.6900024,155.1352081
3/4/2024,417.2643127,168.8526917,504.8980713,182.4100037,155.632843
4/4/2024,414.7138062,168.0266113,509.0628967,180,151.2237396
5/4/2024,422.295929,168.78302,525.4231567,185.0700073,153.2143097
8/4/2024,421.3729553,167.6583405,517.3626099,185.1900024,155.4039154
9/4/2024,423.0501404,168.8726044,515.0211182,185.6699982,157.394516
10/4/2024,420.0530396,166.9914856,517.9405518,185.9499969,156.9167786
11/4/2024,424.6876526,174.2173615,521.2583618,189.0500031,160.0320129
12/4/2024,418.7033691,175.7202759,510.0393066,186.1300049,158.4395599
15/4/2024,410.5059204,171.878418,498.4117737,183.6199951,155.5930328
16/4/2024,411.4388123,168.5839844,497.9434509,183.3200073,155.2646027
17/4/2024,408.719574,167.2104645,492.3737793,181.2799988,156.1404419
18/4/2024,401.2069397,166.2549744,499.9760437,179.2200012,156.7177124
19/4/2024,396.0959473,164.2245636,479.3213806,174.6300049,154.9859161
22/4/2024,397.9219971,165.0605927,479.9789734,177.2299957,157.2053986
23/4/2024,404.4819336,166.1156158,494.2967529,179.5399933,159.1661072
24/4/2024,405.9606323,168.2256622,491.7062378,176.5899963,160.3405457
25/4/2024,396.0165405,169.0915833,439.7756348,173.6699982,157.2053986
26/4/2024,403.2414246,168.5043488,441.6787109,179.6199951,172.8712006
29/4/2024,399.20224,172.6846008,431.0474548,180.9600067,167.10849
30/4/2024,386.3800964,169.5295105,428.6064148,175,163.8638611
1/5/2024,391.9476318,168.5043488,437.5935974,179,164.7894897
2/5/2024,394.8256226,172.2168121,440.0745544,184.7200012,167.6658783
3/5/2024,403.5787964,182.5181732,450.3171692,186.2100067,168.1933594
6/5/2024,410.4067078,180.8560486,463.9873352,188.6999969,169.0294037
7/5/2024,406.2385254,181.5427551,466.5380249,188.7599945,172.1645355
8/5/2024,407.4294128,181.8811951,470.8821716,188,170.3531342
9/5/2024,409.1959534,183.7026062,473.691925,189.5,170.7711639
10/5/2024,411.5975647,182.4368439,474.4691162,187.4799957,169.4872284
13/5/2024,410.5853271,185.6560364,466.3088684,186.5700073,170.0943451
14/5/2024,413.4038086,186.8021698,470.1349182,187.0700073,171.1195068
15/5/2024,420.6317444,189.0845032,479.7896729,185.9900055,173.0603027
16/5/2024,418.5538025,189.2041016,471.5098877,183.6300049,174.6029816
17/5/2024,417.7783203,189.2340088,470.1947021,184.6999969,176.4542084
20/5/2024,422.8786621,190.4000702,467.1358337,183.5399933,177.6187286
21/5/2024,426.557251,191.7057037,462.9411621,183.1499939,178.6936188
22/5/2024,428.0286865,190.2605591,466.0796814,183.1300049,177.1608734
23/5/2024,424.5290527,186.2540283,464.0869141,181.0500031,174.2347412
24/5/2024,427.6707764,189.3436279,476.48172,180.75,175.4987793
28/5/2024,427.8298645,189.3536072,478.1755981,182.1499939,177.1808014
29/5/2024,426.6865234,189.6525879,472.6357727,182.0200043,176.5637054
30/5/2024,412.2704163,190.6492462,465.3523254,179.3200073,172.741806
31/5/2024,412.7277527,191.6060333,465.1331482,176.4400024,173.1399231
3/6/2024,411.1270447,193.3800659,475.7543945,178.3399963,173.5977631
4/6/2024,413.662323,193.6990051,475.2561951,179.3399963,174.3044281
5/6/2024,421.556366,195.2138977,493.260498,181.2799988,176.2352753
6/6/2024,422.063385,193.828537,491.965271,185,177.5092316
7/6/2024,421.3973083,196.230484,491.1681519,184.3000031,175.1205444
10/6/2024,425.3940125,192.4730988,500.7731628,187.0599976,175.9973907
11/6/2024,430.176178,206.4561005,505.6253967,187.2299957,177.5518188
12/6/2024,438.5076904,212.356308,506.9904175,186.8899994,178.9169006
13/6/2024,439.0246887,213.5223694,502.2676697,183.8300018,176.1069946
14/6/2024,440.0089722,211.7782288,502.8262024,183.6600037,177.7311554
17/6/2024,445.7753906,215.9442291,505.2896423,184.0599976,178.1396942
18/6/2024,443.7571411,213.5721893,498.1685486,182.8099976,175.8180389
20/6/2024,443.1208496,208.9776306,500.3727112,186.1000061,177.0735321
21/6/2024,447.1772461,206.7949982,493.4710083,189.0800018,179.6143951
24/6/2024,445.0794678,207.4427948,497.5900879,185.5700073,180.1424866
25/6/2024,448.3404541,208.3696899,509.249176,186.3399963,184.915329
26/6/2024,449.543457,212.5356903,511.7624817,193.6100006,184.7060699
27/6/2024,450.2294922,213.3828583,518.1854858,197.8500061,186.1907501
28/6/2024,444.3636475,209.9144897,502.8860474,193.25,182.7630768
1/7/2024,454.0870361,216.0239563,503.3448181,197.1999969,183.8292389
2/7/2024,456.6222534,219.5321655,508.1520691,200,185.9416504
3/7/2024,458.1036377,220.8078766,508.6108704,197.5899963,186.7188568
5/7/2024,464.8543396,225.5818329,538.4816284,200,191.2724915
8/7/2024,463.5419922,227.0568848,527.9196777,199.2899933,189.7977753
9/7/2024,456.8807678,227.9139862,528.5978394,199.3399963,189.7579346
10/7/2024,463.5519409,232.199585,533.2753906,199.7899933,191.969986
11/7/2024,452.0687866,226.807724,511.3435974,195.0500031,186.6291962
12/7/2024,450.925415,229.7677612,497.5501709,194.4900055,186.1110229
15/7/2024,451.3330383,233.6148376,494.8473511,192.7200012,187.5159912
16/7/2024,446.9187317,234.0334473,488.4942322,193.0200043,184.8356171
17/7/2024,440.9534607,228.113327,460.7677307,187.9299927,181.9659424
18/7/2024,437.8216858,223.4290619,474.591095,183.75,178.5781097
19/7/2024,434.5805359,223.5586395,475.5286255,183.1300049,178.7475128
22/7/2024,440.3768616,223.2098236,486.1105042,182.5500031,182.6933289
23/7/2024,442.2757874,224.2562866,487.3971252,186.4100037,182.9424286
24/7/2024,426.4180908,217.8079376,460.0496216,180.8300018,173.7454834
25/7/2024,415.9788208,216.7614899,452.2104492,179.8500061,168.5541534
26/7/2024,422.8090515,217.2299042,464.4679565,182.5,168.0758514
29/7/2024,424.2606201,217.5089722,464.4779053,183.1999969,170.5170898
30/7/2024,420.4726868,218.0671082,461.9645996,181.7100067,171.2444763
31/7/2024,415.9291077,221.3361053,473.5737915,186.9799957,172.5298615
1/8/2024,414.6962585,217.6285553,496.4231567,184.0700073,171.8323517
2/8/2024,406.1261902,219.1235504,486.8486023,167.8999939,167.7968597
5/8/2024,392.8633423,208.5690308,474.4714355,161.0200043,160.0646667
6/8/2024,397.2975464,206.5358429,492.7828064,161.9299927,159.9650116
7/8/2024,396.1243591,209.1171722,487.6265259,162.7700043,160.1742706
8/8/2024,400.3597412,212.5954742,508.2817078,165.8000031,163.2531891
9/8/2024,403.6704407,215.515686,516.4002075,166.9400024,164.7976532
12/8/2024,404.4559021,217.0522919,514.5849609,166.8000031,163.3628082
13/8/2024,411.6142273,220.7840881,527.1416626,170.2299957,165.3357086
14/8/2024,414.4477234,221.2330933,525.3664551,170.1000061,161.4496765
15/8/2024,419.3480835,224.2265015,535.9084473,177.5899963,162.5856018
16/8/2024,416.7983093,225.5535889,526.0245972,177.0599976,164.1499786
19/8/2024,419.8460999,225.3939209,527.8797607,178.2200012,167.7968597
20/8/2024,423.1030273,226.0125732,525.3364258,178.8800049,168.3548584
21/8/2024,422.4456787,225.9028168,533.7441406,180.1100006,167.0296173
22/8/2024,413.8899841,224.036911,530.5227661,176.1300049,164.8972931
23/8/2024,415.1250305,226.3418427,526.6031494,177.0399933,166.8303375
26/8/2024,411.8381958,226.6810913,519.741333,175.5,167.3285522
27/8/2024,412.1867981,227.5292358,517.7266235,173.1199951,165.7841187
28/8/2024,408.9597778,225.9926147,515.4127808,170.8000031,163.9108276
29/8/2024,411.469696,229.2853699,516.848938,172.1199951,162.8147736
30/8/2024,415.4736328,228.4971008,519.9308472,178.5,164.5186462
3/9/2024,407.8043823,222.2807922,510.4060669,176.25,158.0419312
4/9/2024,407.2665405,220.3650055,511.3834534,173.3300018,157.2447968
5/9/2024,406.7585754,221.8916473,515.4925537,177.8899994,158.0319824
6/9/2024,400.0953064,220.3350677,498.9464722,171.3899994,151.585144
9/9/2024,404.0992432,220.424881,503.4545288,175.3999939,149.2005615
10/9/2024,412.5453796,219.6266174,503.4545288,179.5500031,149.6694946
11/9/2024,421.3500671,222.1710358,510.4758606,184.5200043,151.8046265
12/9/2024,425.2942505,222.2807922,524.2094727,187,155.1869354
13/9/2024,428.8699036,222.0113678,523.2320557,186.4900055,158.0105133
16/9/2024,429.6169128,215.8449554,532.3765869,184.8899994,158.6291199
17/9/2024,433.4116821,216.3139038,535.411377,186.8800049,159.9161835
18/9/2024,429.0890198,220.2053528,537.0386963,186.4299927,160.4449768
19/9/2024,436.937561,228.3673859,558.152832,189.8699951,162.8694763
20/9/2024,433.531189,227.6988525,560.3989868,191.6000061,164.2662811
23/9/2024,431.7782593,225.9726563,563.4537964,193.8800049,162.6998596
24/9/2024,427.4555969,226.8706818,562.3756714,193.9600067,163.2685547
25/9/2024,430.3838196,225.872879,567.347168,192.5299988,162.6200409
26/9/2024,429.5870361,227.0203552,566.8779907,191.1600037,163.4581299
27/9/2024,426.3101501,227.2897491,566.3988037,187.9700012,164.9148102
30/9/2024,428.5810547,232.4883118,571.4702148,186.3300018,166.8105011
1/10/2024,419.0094604,225.7132263,575.4933472,185.1300049,168.0377045
2/10/2024,415.4636536,226.2819672,571.8395996,184.7599945,166.9302216
3/10/2024,414.8760376,225.174408,581.7827148,181.9600067,166.8304596
4/10/2024,414.3979492,226.3019409,594.9304199,186.5099945,168.1773834
7/10/2024,407.9039917,221.2031708,583.7893677,180.8000031,164.0168457
8/10/2024,413.0533447,225.2742004,591.8855591,182.7200012,165.3238678
9/10/2024,415.7923279,229.0359192,589.5095825,185.1699982,162.6898651
10/10/2024,414.178833,228.5370026,582.8408813,186.6499939,162.8095856
11/10/2024,414.6568909,227.050293,588.9505615,188.8200073,164.1465607
14/10/2024,417.4656677,230.7920532,589.4196777,187.5399933,165.9724121
15/10/2024,417.0672302,233.3364563,585.2767944,187.6900024,166.5211487
16/10/2024,414.4577026,231.2709961,575.8128052,186.8899994,166.3615265
17/10/2024,415.0552979,231.6401825,575.9525757,187.5299988,164.1365662
18/10/2024,416.489563,234.4839325,575.4933472,188.9900055,164.675354
21/10/2024,417.1070862,235.9606781,574.1856079,189.0700073,165.4236603
22/10/2024,425.8022156,235.342041,581.0239868,189.6999969,166.4413452
23/10/2024,422.9038391,230.2532349,562.7350464,184.7100067,164.1066437
24/10/2024,423.0333252,230.0636597,566.8181152,186.3800049,164.1565399
25/10/2024,426.4396362,230.9018097,572.2788086,187.8300018,166.6109467
28/10/2024,424.8858643,232.8874359,577.180481,188.3899994,167.9578857
29/10/2024,430.2244873,233.1568451,592.2749634,190.8300018,170.7515411
30/10/2024,430.8021545,229.594696,590.7973633,192.7299957,175.7401886
31/10/2024,404.7267456,225.4138947,566.6184692,186.3999939,172.2980194
1/11/2024,408.7306824,222.4204865,566.1990967,197.9299927,172.2581024
4/11/2024,406.8283081,221.5224457,559.7301636,195.7799988,170.292572
5/11/2024,409.8163147,222.9592896,571.4602051,199.5,171.0209351
6/11/2024,418.5014648,222.230896,571.0808716,207.0899963,177.9252014
7/11/2024,423.7304993,226.9804382,590.6976318,210.0500031,181.8662415
8/11/2024,420.8520508,226.7107391,588.3416138,208.1799927,179.4517365
11/11/2024,416.3401489,223.9837341,582.1820068,206.8399963,181.5569458
12/11/2024,421.3400879,223.9837341,583.8292236,208.9100037,182.9038849
13/11/2024,423.5014343,224.872757,579.017395,214.1000061,180.080307
14/11/2024,425.1846924,227.9693604,576.1821899,211.4799957,176.9474487
15/11/2024,413.3421936,224.7528839,553.1413574,202.6100006,173.4953003
18/11/2024,414.0991516,227.769577,553.4608154,201.6999969,176.3986969
19/11/2024,416.1210327,228.0292816,560.1394653,204.6100006,179.1723785
20/11/2024,413.8302002,228.7484894,564.5619507,202.8800049,176.927475
21/11/2024,412.0437927,228.2690277,562.1360474,198.3800049,168.8558502
22/11/2024,416.1655273,229.6175385,558.192749,197.1199951,166.191925
25/11/2024,417.9519653,232.6142426,564.1525879,201.4499969,169.0453949
26/11/2024,427.1335449,234.8018341,572.5682983,207.8600006,170.2326965
27/11/2024,422.1435547,234.6719818,568.2356567,205.7400055,170.4322662
29/11/2024,422.6126099,237.0693512,573.3470459,207.8899994,170.1030121
2/12/2024,430.1175842,239.3268585,591.8256836,210.7100067,172.5873413
3/12/2024,430.3371277,242.3834991,612.6104126,213.4400024,172.6272583
4/12/2024,436.5446777,242.743103,612.7401733,218.1600037,175.6902924
5/12/2024,441.7342529,242.7730713,607.8983765,220.5500031,173.9143219
6/12/2024,442.682373,242.573288,622.7132568,227.0299988,176.0894012
9/12/2024,445.1274414,246.4790039,612.5305176,226.0899963,176.898468
10/12/2024,442.4428406,247.497879,618.270813,225.0399933,186.3177338
11/12/2024,448.0915222,246.2192841,631.6081543,230.2599945,196.4861603
12/12/2024,448.6603699,247.6876831,629.7213745,228.9700012,193.4096527
13/12/2024,446.374939,247.8574829,619.2990723,227.4600067,191.1622162
16/12/2024,450.6863098,250.7642822,623.6851196,232.9299927,197.9345093
17/12/2024,453.5505676,253.2015991,618.8894043,231.1499939,196.8956757
18/12/2024,436.51474,247.7775726,596.6591797,220.5200043,189.933609
19/12/2024,436.1554565,249.5156555,595.0405884,223.2899933,189.4841309
20/12/2024,435.7263184,254.2105103,584.7297974,224.9199982,192.7404175
23/12/2024,434.3790283,254.9896545,599.3167725,225.0599976,195.7669678
24/12/2024,438.4508362,257.9164429,607.2097778,229.0500031,197.3451843
26/12/2024,437.2332764,258.7355042,602.8136597,227.0500031,196.8757172
27/12/2024,429.668457,255.3092957,599.2768555,223.75,193.8191833
30/12/2024,423.9798584,251.9230194,590.7144165,221.3000031,192.4707336
